﻿<?xml version="1.0" encoding="utf-8"?>
<data>
	<basic>
		<id>9o898qle08</id>
		<create_date>2022-12-07T17:24:08+00:00</create_date>
		<server_version>2022.3.3.536 (2022-11-16)</server_version>
	</basic>
	<remote_actions>
		<remote_action>
			<id>0x63773FCD6CFE7AC5</id>
			<code>ChatOpenFull</code>
			<name>Открыть карточку чата (полная)</name>
			<type>eval</type>
			<cache_vars>{}</cache_vars>
			<catalog_name>chat</catalog_name>
			<link_name>chat</link_name>
			<show_in_list>1</show_in_list>
			<show_in_form>1</show_in_form>
			<exec_code>
				<code_url>x-local://wtv/remote_actions/ChatOpenFull.bs</code_url>
			</exec_code>
			<url>x-local://wtv/remote_actions/ChatOpenFull.bs</url>
			<default_disp_evaluate>0</default_disp_evaluate>
			<access>
				<access_level>0</access_level>
			</access>
			<is_std>0</is_std>
			<changed>0</changed>
			<doc_info>
				<creation>
					<user_login>user1</user_login>
					<user_id>0x5555555555555501</user_id>
					<date>2022-12-07T17:22:11+00:00</date>
				</creation>
				<modification>
					<user_login>user1</user_login>
					<user_id>0x5555555555555501</user_id>
					<date>2022-12-07T17:22:11+00:00</date>
				</modification>
			</doc_info>
		</remote_action>
		<remote_action>
			<id>0x63773FCD6CFE7AC6</id>
			<code>СonversationOpenFull</code>
			<name>Открыть карточку разговора (полная)</name>
			<type>eval</type>
			<cache_vars>{}</cache_vars>
			<catalog_name>conversation</catalog_name>
			<link_name>conversation</link_name>
			<show_in_list>1</show_in_list>
			<show_in_form>1</show_in_form>
			<exec_code>
				<code_url>x-local://wtv/remote_actions/СonversationOpenFull.bs</code_url>
			</exec_code>
			<url>x-local://wtv/remote_actions/СonversationOpenFull.bs</url>
			<default_disp_evaluate>0</default_disp_evaluate>
			<access>
				<access_level>0</access_level>
			</access>
			<is_std>0</is_std>
			<changed>0</changed>
			<doc_info>
				<creation>
					<user_login>user1</user_login>
					<user_id>0x5555555555555501</user_id>
					<date>2022-12-07T17:23:28+00:00</date>
				</creation>
				<modification>
					<user_login>user1</user_login>
					<user_id>0x5555555555555501</user_id>
					<date>2022-12-07T17:23:28+00:00</date>
				</modification>
			</doc_info>
		</remote_action>
	</remote_actions>
</data>
