﻿<?xml version="1.0" encoding="utf-8"?>
<data>
	<basic>
		<id>dlek3vdcw0</id>
		<create_date>2024-02-20T15:31:56+00:00</create_date>
		<server_version>2023.2.845 (2024-02-20)</server_version>
	</basic>
	<notifications>
		<notification>
			<id>0x0AAAAAAAAAAAAA19</id>
			<code>25</code>
			<name>Подчиненный сотрудник был включен в состав участников мероприятия</name>
			<recipients>
				<recipient>
					<recipient_type>in_doc</recipient_type>
					<notification_template_id>768614336404564605</notification_template_id>
				</recipient>
			</recipients>
			<field_recipient_type>auto</field_recipient_type>
			<notification_systems>
				<notification_system>
					<notification_system_id>6035867320053143919</notification_system_id>
				</notification_system>
			</notification_systems>
			<active>true</active>
			<is_std>false</is_std>
			<changed>false</changed>
			<notification_template_id>768614336404564605</notification_template_id>
			<date_shift_selector>0</date_shift_selector>
			<date_shift>0.0E0</date_shift>
			<sender_selector>0</sender_selector>
			<doc_info>
				<creation>
					<user_login>user1</user_login>
					<user_id>6148914691236517121</user_id>
					<date>2024-02-20T15:27:52Z</date>
				</creation>
				<modification>
					<user_login>user1</user_login>
					<user_id>6148914691236517121</user_id>
					<date>2024-02-20T15:27:58Z</date>
				</modification>
			</doc_info>
		</notification>
	</notifications>
</data>
