﻿<?xml version="1.0" encoding="utf-8"?>
<SPXML-INLINE-FORM>

<USE FORM="//wtv/wtv_general.xmd"/>


<view_learning_statistics_report>

	<report_name TYPE="string" DEFAULT="learning_statistics_report"/>
	<is_minimized TYPE="bool" DEFAULT="false"/>
	<export_type TYPE="string" NOT-NULL="1" DEFAULT="xlsx" TEMP="1"/>

	<count_sel TYPE="integer" NOT-NULL="1" DEFAULT="0"/>
	<count_arr TYPE="integer" NOT-NULL="1" DEFAULT="0"/>

	<param_panel_open TYPE="bool" NOT-NULL="1" DEFAULT="true"/>
	<param_additional_panel_open TYPE="bool" NOT-NULL="1" DEFAULT="false"/>

	<block_name TYPE="string"/>
	<course_id TYPE="integer" FOREIGN-ARRAY="courses"/>
	<assessment_id TYPE="integer" FOREIGN-ARRAY="assessments"/>
	<person_id TYPE="integer" FOREIGN-ARRAY="collaborators"/>
	<group_id TYPE="integer" FOREIGN-ARRAY="groups"/>
	<parent_object_id TYPE="integer" FOREIGN-ARRAY="subdivisions"/>
	<org_id TYPE="integer" FOREIGN-ARRAY="orgs"/>
	<hier_sub_select TYPE="bool" NOT-NULL="1" DEFAULT="true"/>
	<start_date TYPE="date"/>
	<finish_date TYPE="date"/>
	<disp_learning_type TYPE="string" NOT-NULL="1" DEFAULT="learnings"/>
	<disp_learning_prog TYPE="bool" NOT-NULL="1" DEFAULT="false"/>
	<education_program_id TYPE="integer" FOREIGN-ARRAY="education_program"/>
	<show_alert TYPE="bool" NOT-NULL="1" DEFAULT="false"/>
	
	<is_web_client TYPE="bool" NOT-NULL="1" DEFAULT="false"/>
	<INHERIT TYPE="table_data_base_extended"/>
	<INHERIT TYPE="view_columns_base"/>

	<report_categorys>
		<report_category PRIMARY-KEY="id" MULTIPLE="1">
			<id TYPE="string" FOREIGN-ARRAY="common.learning_statistics_category_types"/>
		</report_category>
	</report_categorys>
	
	<data_learning_statistics>
		<data_learning_statistic MULTIPLE="1" PRIMARY-KEY="test_name">
			<test_name TYPE="string"/>		
			<duration_days TYPE="string"/>		
			<duration_hours TYPE="string"/>		
			<finished TYPE="string"/>		
			<finished_in_time TYPE="string"/>		
			<course_requests TYPE="string"/>		
			<assigned TYPE="string"/>		
			<passed TYPE="string"/>		
			<score TYPE="string"/>		
			<popularity TYPE="string"/>		
			<complexity TYPE="string"/>		
			<training_success TYPE="string"/>	
		</data_learning_statistic>
	</data_learning_statistics>
		
</view_learning_statistics_report>


<OnInit PROPERTY="1" EXPR="

	curUser = tools.get_cur_user();

	// local_settings.custom_datas.DeleteChildByKey( TopElem.report_name );

	for ( oProperty in tools_report.read_report_settings( TopElem.report_name, TopElem, [] ) )
	{
		if ( ! local_settings.view.remember_last_reports_settings && oProperty.name != 'is_minimized' )
			continue;

		if ( oProperty.name == 'report_categorys' )
		{
			sChildName = StrLeftRange( oProperty.name, StrCharCount( oProperty.name ) - 1 );

			for ( elem in oProperty.value.GetOptProperty( sChildName ) )
			{
				_child = TopElem.Child( oProperty.name ).Add();
				for ( i = 0; i < _child.ChildNum; i++ )
				{
					_child[ i ].Value = elem.GetOptProperty( _child[ i ].Name );
				}
			}
		}
		else
		{
			try
			{
				TopElem.Child( oProperty.name ).Value = oProperty.value;
			}
			catch( e )
			{
				//alert( 'err ' + e );
			}
		}
	}

	oUrlQuery = UrlQuery( TopElem.Doc.Url );

	arrUrlFields = ['block_name'];
	for ( sFielnElem in arrUrlFields )
	{
		if (TopElem.ChildExists( sFielnElem ))
		{
			TopElem.Child( sFielnElem ).Value = oUrlQuery.GetOptProperty( sFielnElem, '' );
		}
	}
"/>

</SPXML-INLINE-FORM>