﻿<?xml version="1.0" encoding="utf-8"?>
<data>
	<basic>
		<id>c48ay7ndc6</id>
		<create_date>2024-02-15T15:49:50+00:00</create_date>
		<server_version>2023.2.841 (2024-02-14)</server_version>
	</basic>
	<notifications>
		<notification>
			<id>0x0AAAAAAAAAAAAA19</id>
			<code>25</code>
			<name>Подчиненный сотрудник был включен в состав участников мероприятия</name>
			<recipients>
				<recipient>
					<recipient_type>in_doc</recipient_type>
					<notification_template_id>768614336404564605</notification_template_id>
				</recipient>
			</recipients>
			<field_recipient_type>auto</field_recipient_type>
			<notification_systems>
				<notification_system>
					<notification_system_id>6035867320053143919</notification_system_id>
				</notification_system>
			</notification_systems>
			<active>true</active>
			<is_std>false</is_std>
			<changed>false</changed>
			<notification_template_id>768614336404564605</notification_template_id>
			<date_shift_selector>0</date_shift_selector>
			<date_shift>0.0E0</date_shift>
			<sender_selector>0</sender_selector>
			<doc_info>
				<creation>
					<user_login>user1</user_login>
					<user_id>6148914691236517121</user_id>
					<date>2024-02-14T20:53:04Z</date>
				</creation>
				<modification>
					<user_login>user1</user_login>
					<user_id>6148914691236517121</user_id>
					<date>2024-02-15T15:21:22Z</date>
				</modification>
			</doc_info>
		</notification>
	</notifications>
	<notification_templates>
		<notification_template>
			<id>0x0AAAAAAAAAAAAA7D</id>
			<code>125</code>
			<name>Подчиненный сотрудник был включен в состав участников мероприятия</name>
			<subject>Подчиненный сотрудник был включен в состав участников мероприятия</subject>
			<body>Подчиненный сотрудник - &lt;%=Text.collaborator_fullname%&gt;, был включен в состав участников мероприятия "&lt;%=Text.event_name%&gt;", которое состоится &lt;%=StrDate(Text.event_start_date, true, false)%&gt;</body>
			<body_type>plane</body_type>
			<is_std>true</is_std>
			<changed>true</changed>
			<doc_info>
				<creation>
					<user_login>user1</user_login>
					<user_id>6148914691236517121</user_id>
					<date>2024-02-14T15:49:51Z</date>
				</creation>
				<modification>
					<user_login>user1</user_login>
					<user_id>6148914691236517121</user_id>
					<date>2024-02-15T15:31:29Z</date>
				</modification>
			</doc_info>
		</notification_template>
		<notification_template>
			<id>0x0AAAAAAAAAAAAA7B</id>
			<code>123</code>
			<name>Вы были включены в состав участников мероприятия</name>
			<subject>Вы были включены в состав участников мероприятия</subject>
			<body>Вы были включены в состав участников мероприятия "&lt;%=Text.event_name%&gt;", которое состоится &lt;%=StrDate(Text.event_start_date, true, false)%&gt;</body>
			<body_type>plane</body_type>
			<is_std>true</is_std>
			<changed>true</changed>
			<doc_info>
				<creation>
					<user_login>user1</user_login>
					<user_id>6148914691236517121</user_id>
					<date>2024-02-15T15:44:32Z</date>
				</creation>
				<modification>
					<user_login>user1</user_login>
					<user_id>6148914691236517121</user_id>
					<date>2024-02-15T15:44:32Z</date>
				</modification>
			</doc_info>
		</notification_template>
	</notification_templates>
</data>
