﻿<?xml version="1.0" encoding="utf-8"?>
<data>
	<basic>
		<id>ydcf6a1nzz</id>
		<create_date>2023-08-31T12:35:13+00:00</create_date>
		<server_version>2023.2.714 (2023-08-10)</server_version>
	</basic>
	<remote_collections>
		<remote_collection>
			<id>0x64E4E8AA64036FFC</id>
			<code>GetGameTeamsAll</code>
			<name>Геймификация. Рейтинг всех команд</name>
			<cache_vars>{"sCurrencyTypeID":{"name":"sCurrencyTypeID","value":"websoft_all_awards","type":"string","title":"","silent":false},"bRange":{"name":"bRange","value":false,"type":"bool","title":"","silent":false},"iPageIndex":{"name":"iPageIndex","type":"integer","title":"","silent":false},"iPageSize":{"name":"iPageSize","value":"","type":"string","title":"","silent":false},"bSamePlace":{"name":"bSamePlace","value":true,"type":"bool","title":"","silent":false}}</cache_vars>
			<exec_code>
				<code_url>library/GetGameTeamsAll.bs</code_url>
			</exec_code>
			<url>library/GetGameTeamsAll.bs</url>
			<wvars>
				<wvar>
					<name>sCurrencyTypeID</name>
					<value>websoft_all_awards</value>
					<type>string</type>
					<description>Валюта, по которой строится рейтинг</description>
					<silent>0</silent>
					<position>1</position>
				</wvar>
				<wvar>
					<name>bRange</name>
					<type>bool</type>
					<description>Включить пейджинг</description>
					<silent>0</silent>
					<position>2</position>
				</wvar>
				<wvar>
					<name>iPageIndex</name>
					<parent_wvar_name>bRange</parent_wvar_name>
					<type>integer</type>
					<description>Номер страницы</description>
					<silent>0</silent>
					<position>1</position>
				</wvar>
				<wvar>
					<name>iPageSize</name>
					<parent_wvar_name>bRange</parent_wvar_name>
					<type>string</type>
					<description>Размер страницы</description>
					<silent>0</silent>
					<position>2</position>
				</wvar>
				<wvar>
					<name>bSamePlace</name>
					<value>1</value>
					<type>bool</type>
					<description>Присваивать командам одно и тоже место при одинаковом количестве баллов</description>
					<silent>0</silent>
					<position>3</position>
				</wvar>
			</wvars>
			<result_fields>
				<result_field>
					<id>xvhtnm</id>
					<name>comman_id</name>
					<type>integer</type>
					<title>ID команды</title>
					<for_analytics>0</for_analytics>
					<for_analytics_aggregation>0</for_analytics_aggregation>
					<prohibit_sort>0</prohibit_sort>
				</result_field>
				<result_field>
					<id>vqln1k</id>
					<name>name</name>
					<type>string</type>
					<title>Название команды</title>
					<for_analytics>0</for_analytics>
					<for_analytics_aggregation>0</for_analytics_aggregation>
					<prohibit_sort>0</prohibit_sort>
				</result_field>
				<result_field>
					<id>d9o4e2</id>
					<name>score</name>
					<type>real</type>
					<title>Кол-во баллов</title>
					<for_analytics>0</for_analytics>
					<for_analytics_aggregation>0</for_analytics_aggregation>
					<prohibit_sort>0</prohibit_sort>
				</result_field>
				<result_field>
					<id>dxeart</id>
					<name>num</name>
					<type>integer</type>
					<title>Номер в рейтинге</title>
					<for_analytics>0</for_analytics>
					<for_analytics_aggregation>0</for_analytics_aggregation>
					<prohibit_sort>0</prohibit_sort>
				</result_field>
			</result_fields>
			<api_ver>0</api_ver>
			<api_search>
				<has_fulltext>1</has_fulltext>
			</api_search>
			<ready_to_analytics>0</ready_to_analytics>
			<comment>websoft_all_awards&#10;websoft_all_badges&#10;GetGameLeadersAll.bs</comment>
			<constructor>
				<use>0</use>
			</constructor>
			<access>
				<access_level>0</access_level>
			</access>
			<is_std>1</is_std>
			<changed>1</changed>
			<doc_info>
				<creation>
					<user_login>user1</user_login>
					<user_id>0x5555555555555501</user_id>
					<date>2023-08-30T22:59:37+00:00</date>
				</creation>
				<modification>
					<user_login>user1</user_login>
					<user_id>0x5555555555555501</user_id>
					<date>2023-08-30T22:59:37+00:00</date>
				</modification>
			</doc_info>
		</remote_collection>
	</remote_collections>
</data>
