﻿<?xml version="1.0" encoding="utf-8"?>
<data>
	<basic>
		<id>izyyyq3adb</id>
		<create_date>2024-03-06T11:42:24+00:00</create_date>
		<server_version>2023.2.854 (2024-03-05)</server_version>
	</basic>
	<applications>
		<application>
			<id>0x60B2734D19BFF17B</id>
			<code>websoft_continuous_feedback</code>
			<name>Управление непрерывной обратной связью</name>
			<type>complex</type>
			<use_instances>false</use_instances>
			<doc_info>
				<creation>
					<user_login>user1</user_login>
					<user_id>6148914691236517121</user_id>
					<date>2024-03-06T11:31:38Z</date>
				</creation>
				<modification>
					<user_login>user1</user_login>
					<user_id>6148914691236517121</user_id>
					<date>2024-03-06T11:40:02Z</date>
				</modification>
			</doc_info>
			<changed>true</changed>
			<is_std>true</is_std>
			<wvars>
				<wvar>
					<name>manager_type_id</name>
					<type>foreign_elem</type>
					<catalog>boss_type</catalog>
					<silent>false</silent>
					<position>1</position>
					<required>false</required>
				</wvar>
				<wvar>
					<name>response_types</name>
					<value>[{"ChildIndex":0,"response_type_id":"0x6579344E79D7E05B","title":"Обратная связь по сотруднику","notify_days":"","cancel_days":"","save_author":"true","show_author":"true"},{"ChildIndex":1,"response_type_id":"0x657932A150FA1CD0","title":"Обратная связь по участнику проекта","notify_days":"","cancel_days":"","save_author":"true","show_author":"true"}]</value>
					<type>object</type>
					<entries>
						<entry>
							<id>response_type_id</id>
							<name>Тип отзыва</name>
							<type>foreign_elem</type>
							<catalog>response_type</catalog>
						</entry>
						<entry>
							<id>title</id>
							<name>Название обратной связи</name>
							<type>string</type>
						</entry>
						<entry>
							<id>notify_days</id>
							<name>Дней до напоминания</name>
							<type>integer</type>
						</entry>
						<entry>
							<id>cancel_days</id>
							<name>Дней для отмены</name>
							<type>integer</type>
						</entry>
						<entry>
							<id>save_author</id>
							<name>Сохранять автора</name>
							<type>bool</type>
						</entry>
						<entry>
							<id>show_author</id>
							<name>Показывать автора на портале</name>
							<type>bool</type>
						</entry>
					</entries>
					<description>Типы отзывов для непрерывной обратной связи</description>
					<silent>false</silent>
					<position>2</position>
					<required>false</required>
				</wvar>
				<wvar>
					<name>common</name>
					<type>heading</type>
					<description>Общие настройки</description>
					<silent>false</silent>
					<position>3</position>
					<required>false</required>
				</wvar>
				<wvar>
					<name>can_response</name>
					<parent_wvar_name>common</parent_wvar_name>
					<value>1</value>
					<type>bool</type>
					<description>Разрешить оставлять обратную связь на портале</description>
					<silent>false</silent>
					<position>1</position>
					<required>false</required>
				</wvar>
				<wvar>
					<name>can_request_response</name>
					<parent_wvar_name>common</parent_wvar_name>
					<value>1</value>
					<type>bool</type>
					<description>Разрешить запрос обратной связи на портале</description>
					<silent>false</silent>
					<position>2</position>
					<required>false</required>
				</wvar>
				<wvar>
					<name>can_request_response_other</name>
					<parent_wvar_name>common</parent_wvar_name>
					<value>1</value>
					<type>bool</type>
					<description>Разрешить запрос обратной связи по  другим</description>
					<silent>false</silent>
					<position>3</position>
					<required>false</required>
				</wvar>
				<wvar>
					<name>can_add_feedback</name>
					<parent_wvar_name>common</parent_wvar_name>
					<value>all</value>
					<type>combo</type>
					<entries>
						<entry>
							<id>all</id>
							<name>Всем сотрудникам</name>
						</entry>
						<entry>
							<id>subordinate</id>
							<name>Линейным подчиненным</name>
						</entry>
						<entry>
							<id>func_subordinate</id>
							<name>Функциональным подчиненным</name>
						</entry>
						<entry>
							<id>colleague</id>
							<name>Коллегам</name>
						</entry>
					</entries>
					<description>Кому можно оставлять обратную связь</description>
					<silent>false</silent>
					<position>4</position>
					<required>false</required>
				</wvar>
				<wvar>
					<name>func_boss_types</name>
					<parent_wvar_name>common</parent_wvar_name>
					<type>foreign_elem</type>
					<catalog>boss_type</catalog>
					<description>Типы руководителей для отбора функциональных подчиненных</description>
					<silent>false</silent>
					<position>5</position>
					<required>false</required>
				</wvar>
				<wvar>
					<name>with_hierarchy</name>
					<parent_wvar_name>common</parent_wvar_name>
					<value>0</value>
					<type>bool</type>
					<description>С учетом иерархии</description>
					<silent>false</silent>
					<position>6</position>
					<required>false</required>
				</wvar>
				<wvar>
					<name>days_between</name>
					<parent_wvar_name>common</parent_wvar_name>
					<value>30</value>
					<type>integer</type>
					<description>Минимальное количество дней между одинаковой обратной связью</description>
					<silent>false</silent>
					<position>7</position>
					<required>false</required>
				</wvar>
				<wvar>
					<name>project</name>
					<type>heading</type>
					<description>Настройка связи по проектам</description>
					<silent>false</silent>
					<position>4</position>
					<required>false</required>
				</wvar>
				<wvar>
					<name>only_project_members</name>
					<parent_wvar_name>project</parent_wvar_name>
					<value>1</value>
					<type>bool</type>
					<description>Оставлять связь по проекту может только его участник</description>
					<silent>false</silent>
					<position>1</position>
					<required>false</required>
				</wvar>
				<wvar>
					<name>project_response_repeat</name>
					<parent_wvar_name>project</parent_wvar_name>
					<value>0</value>
					<type>bool</type>
					<description>Можно оставлять повторные отзывы участникам проектов</description>
					<silent>false</silent>
					<position>2</position>
					<required>false</required>
				</wvar>
				<wvar>
					<name>state_projects</name>
					<parent_wvar_name>project</parent_wvar_name>
					<type>list</type>
					<entries>
						<entry>
							<id>project</id>
							<name>Проект</name>
						</entry>
						<entry>
							<id>plan</id>
							<name>Планируется</name>
						</entry>
						<entry>
							<id>active</id>
							<name>В работе</name>
						</entry>
						<entry>
							<id>close</id>
							<name>Завершен</name>
						</entry>
						<entry>
							<id>cancel</id>
							<name>Отменен</name>
						</entry>
					</entries>
					<description>Статусы проектов, по которым можно оставлять обратную связь</description>
					<silent>false</silent>
					<position>3</position>
					<required>false</required>
				</wvar>
				<wvar>
					<name>notify</name>
					<type>heading</type>
					<description>Уведомления</description>
					<silent>false</silent>
					<position>5</position>
					<required>false</required>
				</wvar>
				<wvar>
					<name>notify_response</name>
					<parent_wvar_name>notify</parent_wvar_name>
					<value>1</value>
					<type>bool</type>
					<description>Уведомлять сотрудника о получении обратной связи</description>
					<silent>false</silent>
					<position>1</position>
					<required>false</required>
				</wvar>
				<wvar>
					<name>notify_response_type</name>
					<parent_wvar_name>notify</parent_wvar_name>
					<value>6972665168529449539</value>
					<type>foreign_elem</type>
					<catalog>notification</catalog>
					<description>Уведомление о получении обратной связи (выбрать continuous_feedback_response)</description>
					<silent>false</silent>
					<position>2</position>
					<required>false</required>
				</wvar>
				<wvar>
					<name>notify_response_request</name>
					<parent_wvar_name>notify</parent_wvar_name>
					<value>1</value>
					<type>bool</type>
					<description>Уведомлять сотрудника о получении запроса на обратную связь</description>
					<silent>false</silent>
					<position>3</position>
					<required>false</required>
				</wvar>
				<wvar>
					<name>notify_response_request_type</name>
					<parent_wvar_name>notify</parent_wvar_name>
					<value>7227400890000151277</value>
					<type>foreign_elem</type>
					<catalog>notification</catalog>
					<description>Уведомление о запросе обратной связи (выбрать continuous_feedback_request)</description>
					<silent>false</silent>
					<position>4</position>
					<required>false</required>
				</wvar>
				<wvar>
					<name>notify_response_request_initiator</name>
					<parent_wvar_name>notify</parent_wvar_name>
					<value>1</value>
					<type>bool</type>
					<description>Уведомлять инициатора о заполнении запрошенной обратной связи</description>
					<silent>false</silent>
					<position>5</position>
					<required>false</required>
				</wvar>
				<wvar>
					<name>notify_response_request_initiator_type</name>
					<parent_wvar_name>notify</parent_wvar_name>
					<value>6975376782106783960</value>
					<type>foreign_elem</type>
					<catalog>notification</catalog>
					<description>Уведомление инициатора об оставленной обратной связи</description>
					<silent>false</silent>
					<position>6</position>
					<required>false</required>
				</wvar>
				<wvar>
					<name>websoft_continuous_feedback_processing_requests</name>
					<value>0</value>
					<type>bool</type>
					<description>Обрабатывать запросы обратной связи</description>
					<silent>false</silent>
					<position>6</position>
					<required>false</required>
				</wvar>
				<wvar>
					<name>websoft_continuous_feedback_processing_requests.type</name>
					<parent_wvar_name>websoft_continuous_feedback_processing_requests</parent_wvar_name>
					<value>code</value>
					<type>combo</type>
					<entries>
						<entry>
							<id>code</id>
							<name>Код агента</name>
						</entry>
						<entry>
							<id>user_assigments</id>
							<name>Назначение</name>
						</entry>
					</entries>
					<description>Тип агента</description>
					<silent>false</silent>
					<position>1</position>
					<required>false</required>
				</wvar>
				<wvar>
					<name>websoft_continuous_feedback_processing_requests.period</name>
					<parent_wvar_name>websoft_continuous_feedback_processing_requests</parent_wvar_name>
					<value>daily</value>
					<type>combo</type>
					<entries>
						<entry>
							<id>daily</id>
							<name>Ежедневно</name>
						</entry>
						<entry>
							<id>several</id>
							<name>Периодически</name>
						</entry>
					</entries>
					<description>Период запуска – ежедневно или несколько раз за день</description>
					<silent>false</silent>
					<position>2</position>
					<required>false</required>
				</wvar>
				<wvar>
					<name>websoft_continuous_feedback_processing_requests.time_start</name>
					<parent_wvar_name>websoft_continuous_feedback_processing_requests</parent_wvar_name>
					<value>1:00</value>
					<type>string</type>
					<description>Укажите время обработки запросов обратной связи</description>
					<silent>false</silent>
					<position>3</position>
					<required>false</required>
				</wvar>
				<wvar>
					<name>websoft_continuous_feedback_processing_requests.params_label</name>
					<parent_wvar_name>websoft_continuous_feedback_processing_requests</parent_wvar_name>
					<type>string</type>
					<description>Дополнительные параметры</description>
					<silent>false</silent>
					<position>4</position>
					<required>false</required>
				</wvar>
				<wvar>
					<name>websoft_continuous_feedback_processing_requests.remind_requests</name>
					<parent_wvar_name>websoft_continuous_feedback_processing_requests</parent_wvar_name>
					<value>1</value>
					<type>bool</type>
					<description>Напоминать о сроке запросов обратной связи</description>
					<silent>false</silent>
					<position>5</position>
					<required>false</required>
				</wvar>
				<wvar>
					<name>websoft_continuous_feedback_processing_requests.remind_request_type</name>
					<parent_wvar_name>websoft_continuous_feedback_processing_requests</parent_wvar_name>
					<value>6992802252619773800</value>
					<type>foreign_elem</type>
					<catalog>notification</catalog>
					<description>Тип уведомлений с напоминанием</description>
					<silent>true</silent>
					<position>6</position>
					<required>false</required>
				</wvar>
				<wvar>
					<name>websoft_continuous_feedback_processing_requests.delete_request</name>
					<parent_wvar_name>websoft_continuous_feedback_processing_requests</parent_wvar_name>
					<value>cancel</value>
					<type>combo</type>
					<entries>
						<entry>
							<id>nothing</id>
							<name>Ничего не делать</name>
						</entry>
						<entry>
							<id>cancel</id>
							<name>Отменять</name>
						</entry>
						<entry>
							<id>delete</id>
							<name>Удалять</name>
						</entry>
					</entries>
					<description>Что делать с запросами с истекшим сроком</description>
					<silent>false</silent>
					<position>7</position>
					<required>false</required>
				</wvar>
				<wvar>
					<name>websoft_continuous_feedback_processing_requests.delete_notify</name>
					<parent_wvar_name>websoft_continuous_feedback_processing_requests</parent_wvar_name>
					<value>1</value>
					<type>bool</type>
					<description>Уведомлять инициатор об отмене запроса</description>
					<silent>false</silent>
					<position>8</position>
					<required>false</required>
				</wvar>
				<wvar>
					<name>websoft_continuous_feedback_processing_requests.remind_request_delete_type</name>
					<parent_wvar_name>websoft_continuous_feedback_processing_requests</parent_wvar_name>
					<value>6992803538906266396</value>
					<type>foreign_elem</type>
					<catalog>notification</catalog>
					<description>Тип уведомлений об отмене запроса</description>
					<silent>true</silent>
					<position>9</position>
					<required>false</required>
				</wvar>
			</wvars>
			<access_blocks>
				<access_block>
					<id>pers</id>
					<can_read>true</can_read>
					<can_write>true</can_write>
					<can_delete>false</can_delete>
					<access_level_id>10</access_level_id>
				</access_block>
				<access_block>
					<id>pers</id>
					<can_read>true</can_read>
					<can_write>true</can_write>
					<can_delete>false</can_delete>
					<access_level_id>7</access_level_id>
				</access_block>
				<access_block>
					<id>pers</id>
					<can_read>true</can_read>
					<can_write>false</can_write>
					<can_delete>false</can_delete>
					<access_level_id>5</access_level_id>
				</access_block>
				<access_block>
					<id>pers</id>
					<can_read>true</can_read>
					<can_write>false</can_write>
					<can_delete>false</can_delete>
					<access_level_id>1</access_level_id>
				</access_block>
				<access_block>
					<id>sub</id>
					<can_read>true</can_read>
					<can_write>false</can_write>
					<can_delete>false</can_delete>
					<access_level_id>10</access_level_id>
				</access_block>
				<access_block>
					<id>sub</id>
					<can_read>true</can_read>
					<can_write>false</can_write>
					<can_delete>false</can_delete>
					<access_level_id>7</access_level_id>
				</access_block>
				<access_block>
					<id>sub</id>
					<can_read>true</can_read>
					<can_write>false</can_write>
					<can_delete>false</can_delete>
					<access_level_id>5</access_level_id>
				</access_block>
				<access_block>
					<id>sub</id>
					<can_read>true</can_read>
					<can_write>false</can_write>
					<can_delete>false</can_delete>
					<access_level_id>1</access_level_id>
				</access_block>
			</access_blocks>
			<access_levels>
				<access_level>
					<id>10</id>
					<name>Администратор приложения</name>
				</access_level>
				<access_level>
					<id>7</id>
					<name>Администратор процесса</name>
				</access_level>
				<access_level>
					<id>5</id>
					<name>HR</name>
				</access_level>
				<access_level>
					<id>1</id>
					<name>Наблюдатель</name>
				</access_level>
			</access_levels>
			<view_configurations>
				<view_configuration>
					<id>gd53dd</id>
					<view_configuration_id>6995216643689076062</view_configuration_id>
					<disp_role_selector>false</disp_role_selector>
					<can_create_roles>false</can_create_roles>
					<config_set>true</config_set>
					<access_levels>
						<access_level>
							<access_level_id>10</access_level_id>
							<can_create_roles>false</can_create_roles>
							<can_create_root_roles>false</can_create_root_roles>
							<can_edit_roles>false</can_edit_roles>
							<can_delete_roles>false</can_delete_roles>
						</access_level>
						<access_level>
							<access_level_id>7</access_level_id>
							<can_create_roles>false</can_create_roles>
							<can_create_root_roles>false</can_create_root_roles>
							<can_edit_roles>false</can_edit_roles>
							<can_delete_roles>false</can_delete_roles>
						</access_level>
						<access_level>
							<access_level_id>5</access_level_id>
							<can_create_roles>false</can_create_roles>
							<can_create_root_roles>false</can_create_root_roles>
							<can_edit_roles>false</can_edit_roles>
							<can_delete_roles>false</can_delete_roles>
						</access_level>
						<access_level>
							<access_level_id>1</access_level_id>
							<can_create_roles>false</can_create_roles>
							<can_create_root_roles>false</can_create_root_roles>
							<can_edit_roles>false</can_edit_roles>
							<can_delete_roles>false</can_delete_roles>
						</access_level>
					</access_levels>
					<is_custom_menu>true</is_custom_menu>
					<remote_actions>
						<remote_action>
							<id>wacw0e</id>
						</remote_action>
						<remote_action>
							<id>8tgf3r</id>
						</remote_action>
					</remote_actions>
				</view_configuration>
				<view_configuration>
					<id>wovpdb</id>
					<view_configuration_id>6995216643689076139</view_configuration_id>
					<disp_role_selector>false</disp_role_selector>
					<can_create_roles>false</can_create_roles>
					<config_set>true</config_set>
					<access_levels>
						<access_level>
							<access_level_id>10</access_level_id>
							<can_create_roles>false</can_create_roles>
							<can_create_root_roles>false</can_create_root_roles>
							<can_edit_roles>false</can_edit_roles>
							<can_delete_roles>false</can_delete_roles>
						</access_level>
						<access_level>
							<access_level_id>7</access_level_id>
							<can_create_roles>false</can_create_roles>
							<can_create_root_roles>false</can_create_root_roles>
							<can_edit_roles>false</can_edit_roles>
							<can_delete_roles>false</can_delete_roles>
						</access_level>
						<access_level>
							<access_level_id>5</access_level_id>
							<can_create_roles>false</can_create_roles>
							<can_create_root_roles>false</can_create_root_roles>
							<can_edit_roles>false</can_edit_roles>
							<can_delete_roles>false</can_delete_roles>
						</access_level>
						<access_level>
							<access_level_id>1</access_level_id>
							<can_create_roles>false</can_create_roles>
							<can_create_root_roles>false</can_create_root_roles>
							<can_edit_roles>false</can_edit_roles>
							<can_delete_roles>false</can_delete_roles>
						</access_level>
					</access_levels>
					<is_custom_menu>true</is_custom_menu>
					<remote_actions>
						<remote_action>
							<id>pslgio</id>
						</remote_action>
						<remote_action>
							<id>wacw0e</id>
						</remote_action>
						<remote_action>
							<id>8tgf3r</id>
						</remote_action>
					</remote_actions>
				</view_configuration>
				<view_configuration>
					<id>8jzlwd</id>
					<view_configuration_id>6995216643689076140</view_configuration_id>
					<disp_role_selector>false</disp_role_selector>
					<can_create_roles>false</can_create_roles>
					<config_set>true</config_set>
					<access_levels>
						<access_level>
							<access_level_id>10</access_level_id>
							<can_create_roles>false</can_create_roles>
							<can_create_root_roles>false</can_create_root_roles>
							<can_edit_roles>false</can_edit_roles>
							<can_delete_roles>false</can_delete_roles>
						</access_level>
						<access_level>
							<access_level_id>7</access_level_id>
							<can_create_roles>false</can_create_roles>
							<can_create_root_roles>false</can_create_root_roles>
							<can_edit_roles>false</can_edit_roles>
							<can_delete_roles>false</can_delete_roles>
						</access_level>
						<access_level>
							<access_level_id>5</access_level_id>
							<can_create_roles>false</can_create_roles>
							<can_create_root_roles>false</can_create_root_roles>
							<can_edit_roles>false</can_edit_roles>
							<can_delete_roles>false</can_delete_roles>
						</access_level>
						<access_level>
							<access_level_id>1</access_level_id>
							<can_create_roles>false</can_create_roles>
							<can_create_root_roles>false</can_create_root_roles>
							<can_edit_roles>false</can_edit_roles>
							<can_delete_roles>false</can_delete_roles>
						</access_level>
					</access_levels>
					<is_custom_menu>true</is_custom_menu>
					<remote_actions>
						<remote_action>
							<id>qcn6bu</id>
						</remote_action>
						<remote_action>
							<id>8tgf3r</id>
						</remote_action>
					</remote_actions>
				</view_configuration>
				<view_configuration>
					<id>wx226a</id>
					<view_configuration_id>6995216643689076096</view_configuration_id>
					<disp_role_selector>false</disp_role_selector>
					<can_create_roles>true</can_create_roles>
					<config_set>true</config_set>
					<access_levels>
						<access_level>
							<access_level_id>10</access_level_id>
							<can_create_roles>false</can_create_roles>
							<can_create_root_roles>false</can_create_root_roles>
							<can_edit_roles>false</can_edit_roles>
							<can_delete_roles>false</can_delete_roles>
						</access_level>
						<access_level>
							<access_level_id>7</access_level_id>
							<can_create_roles>false</can_create_roles>
							<can_create_root_roles>false</can_create_root_roles>
							<can_edit_roles>false</can_edit_roles>
							<can_delete_roles>false</can_delete_roles>
						</access_level>
						<access_level>
							<access_level_id>5</access_level_id>
							<can_create_roles>false</can_create_roles>
							<can_create_root_roles>false</can_create_root_roles>
							<can_edit_roles>false</can_edit_roles>
							<can_delete_roles>false</can_delete_roles>
						</access_level>
						<access_level>
							<access_level_id>1</access_level_id>
							<can_create_roles>false</can_create_roles>
							<can_create_root_roles>false</can_create_root_roles>
							<can_edit_roles>false</can_edit_roles>
							<can_delete_roles>false</can_delete_roles>
						</access_level>
					</access_levels>
					<is_custom_menu>false</is_custom_menu>
				</view_configuration>
				<view_configuration>
					<id>pw7ul7</id>
					<view_configuration_id>6995216643689076097</view_configuration_id>
					<disp_role_selector>false</disp_role_selector>
					<can_create_roles>false</can_create_roles>
					<config_set>true</config_set>
					<access_levels>
						<access_level>
							<access_level_id>10</access_level_id>
							<can_create_roles>false</can_create_roles>
							<can_create_root_roles>false</can_create_root_roles>
							<can_edit_roles>false</can_edit_roles>
							<can_delete_roles>false</can_delete_roles>
						</access_level>
						<access_level>
							<access_level_id>7</access_level_id>
							<can_create_roles>false</can_create_roles>
							<can_create_root_roles>false</can_create_root_roles>
							<can_edit_roles>false</can_edit_roles>
							<can_delete_roles>false</can_delete_roles>
						</access_level>
						<access_level>
							<access_level_id>5</access_level_id>
							<can_create_roles>false</can_create_roles>
							<can_create_root_roles>false</can_create_root_roles>
							<can_edit_roles>false</can_edit_roles>
							<can_delete_roles>false</can_delete_roles>
						</access_level>
						<access_level>
							<access_level_id>1</access_level_id>
							<can_create_roles>false</can_create_roles>
							<can_create_root_roles>false</can_create_root_roles>
							<can_edit_roles>false</can_edit_roles>
							<can_delete_roles>false</can_delete_roles>
						</access_level>
					</access_levels>
					<is_custom_menu>false</is_custom_menu>
				</view_configuration>
			</view_configurations>
			<remote_actions>
				<remote_action>
					<id>pslgio</id>
					<remote_action_id>6975078061762536472</remote_action_id>
					<name>Изменить</name>
					<code>EditResponseContinuousFeedback</code>
					<access_levels>
						<access_level>
							<access_level_id>10</access_level_id>
						</access_level>
						<access_level>
							<access_level_id>7</access_level_id>
						</access_level>
						<access_level>
							<access_level_id>5</access_level_id>
						</access_level>
					</access_levels>
					<wvars>
						<wvar>
							<name>bCanChange</name>
							<value>1</value>
							<type>bool</type>
							<description>Можно изменять</description>
							<silent>false</silent>
							<position>1</position>
							<required>false</required>
						</wvar>
						<wvar>
							<name>bCanChangeScore</name>
							<parent_wvar_name>bCanChange</parent_wvar_name>
							<value>1</value>
							<type>bool</type>
							<description>Можно изменять оценку</description>
							<silent>false</silent>
							<position>1</position>
							<required>false</required>
						</wvar>
						<wvar>
							<name>sResponseID</name>
							<type>string</type>
							<silent>false</silent>
							<position>2</position>
							<required>false</required>
						</wvar>
					</wvars>
					<ignore_catalog>false</ignore_catalog>
				</remote_action>
				<remote_action>
					<id>wacw0e</id>
					<remote_action_id>6987783607292654997</remote_action_id>
					<name>Отменить</name>
					<code>ResponseChangeState</code>
					<access_levels>
						<access_level>
							<access_level_id>10</access_level_id>
						</access_level>
						<access_level>
							<access_level_id>7</access_level_id>
						</access_level>
						<access_level>
							<access_level_id>5</access_level_id>
						</access_level>
					</access_levels>
					<wvars>
						<wvar>
							<name>sState</name>
							<value>cancel</value>
							<type>combo</type>
							<entries>
								<entry>
									<id>cancel</id>
									<name>Отменить</name>
								</entry>
								<entry>
									<id>return_to_work</id>
									<name>Вернуть в работу</name>
								</entry>
							</entries>
							<silent>false</silent>
							<position>1</position>
							<required>false</required>
						</wvar>
					</wvars>
					<ignore_catalog>false</ignore_catalog>
				</remote_action>
				<remote_action>
					<id>qcn6bu</id>
					<remote_action_id>6987783607292654997</remote_action_id>
					<name>Вернуть в работу</name>
					<code>ResponseChangeState</code>
					<access_levels>
						<access_level>
							<access_level_id>10</access_level_id>
						</access_level>
						<access_level>
							<access_level_id>7</access_level_id>
						</access_level>
						<access_level>
							<access_level_id>5</access_level_id>
						</access_level>
					</access_levels>
					<wvars>
						<wvar>
							<name>sState</name>
							<value>return_to_work</value>
							<type>combo</type>
							<entries>
								<entry>
									<id>cancel</id>
									<name>Отменить</name>
								</entry>
								<entry>
									<id>return_to_work</id>
									<name>Вернуть в работу</name>
								</entry>
							</entries>
							<silent>false</silent>
							<position>1</position>
							<required>false</required>
						</wvar>
					</wvars>
					<ignore_catalog>false</ignore_catalog>
				</remote_action>
				<remote_action>
					<id>8tgf3r</id>
					<remote_action_id>7137961065703816642</remote_action_id>
					<name>Удалить</name>
					<code>DeleteResponse</code>
					<access_levels>
						<access_level>
							<access_level_id>10</access_level_id>
						</access_level>
						<access_level>
							<access_level_id>7</access_level_id>
						</access_level>
						<access_level>
							<access_level_id>5</access_level_id>
						</access_level>
					</access_levels>
					<ignore_catalog>false</ignore_catalog>
				</remote_action>
				<remote_action>
					<id>60imd1</id>
					<remote_action_id>6991397566640153910</remote_action_id>
					<name>Дать обратную связь</name>
					<code>AddResponseContinuousFeedbackCollaborator</code>
					<access_levels>
						<access_level>
							<access_level_id>10</access_level_id>
						</access_level>
						<access_level>
							<access_level_id>7</access_level_id>
						</access_level>
						<access_level>
							<access_level_id>5</access_level_id>
						</access_level>
					</access_levels>
					<wvars>
						<wvar>
							<name>sNotifyResponse</name>
							<value>default</value>
							<type>combo</type>
							<entries>
								<entry>
									<id>send</id>
									<name>Отправлять уведомления</name>
								</entry>
								<entry>
									<id>not_send</id>
									<name>Не отправлять уведомления</name>
								</entry>
								<entry>
									<id>default</id>
									<name>По параметрам приложения</name>
								</entry>
							</entries>
							<description>Отправлять уведомления о получении обратной связи</description>
							<silent>false</silent>
							<position>1</position>
							<required>false</required>
						</wvar>
						<wvar>
							<name>iNotifyResponseType</name>
							<type>foreign_elem</type>
							<catalog>notification</catalog>
							<description>Тип уведомлений о получении обратной связи (если не задано, берется из приложения)</description>
							<silent>false</silent>
							<position>2</position>
							<required>false</required>
						</wvar>
					</wvars>
					<ignore_catalog>false</ignore_catalog>
				</remote_action>
				<remote_action>
					<id>u631jw</id>
					<remote_action_id>6991397566640154028</remote_action_id>
					<name>Дать обратную связь участнику проекта</name>
					<code>AddResponseContinuousFeedbackProjectParticipant</code>
					<access_levels>
						<access_level>
							<access_level_id>10</access_level_id>
						</access_level>
						<access_level>
							<access_level_id>7</access_level_id>
						</access_level>
						<access_level>
							<access_level_id>5</access_level_id>
						</access_level>
					</access_levels>
					<wvars>
						<wvar>
							<name>sNotifyResponse</name>
							<value>default</value>
							<type>combo</type>
							<entries>
								<entry>
									<id>send</id>
									<name>Отправлять уведомления</name>
								</entry>
								<entry>
									<id>not_send</id>
									<name>Не отправлять уведомления</name>
								</entry>
								<entry>
									<id>default</id>
									<name>По параметрам приложения</name>
								</entry>
							</entries>
							<description>Отправлять уведомления о получении обратной связи</description>
							<silent>false</silent>
							<position>1</position>
							<required>false</required>
						</wvar>
						<wvar>
							<name>iNotifyResponseType</name>
							<type>foreign_elem</type>
							<catalog>notification</catalog>
							<description>Тип уведомлений о получении обратной связи (если не задано, берется из приложения)</description>
							<silent>false</silent>
							<position>2</position>
							<required>false</required>
						</wvar>
					</wvars>
					<ignore_catalog>false</ignore_catalog>
				</remote_action>
				<remote_action>
					<id>beggzr</id>
					<remote_action_id>6970802950636864551</remote_action_id>
					<name>Дать обратную связь (универсальное)</name>
					<code>AddResponseContinuousFeedbackAll</code>
					<access_levels>
						<access_level>
							<access_level_id>10</access_level_id>
						</access_level>
						<access_level>
							<access_level_id>7</access_level_id>
						</access_level>
						<access_level>
							<access_level_id>5</access_level_id>
						</access_level>
					</access_levels>
					<wvars>
						<wvar>
							<name>sNotifyResponse</name>
							<value>default</value>
							<type>combo</type>
							<entries>
								<entry>
									<id>send</id>
									<name>Отправлять уведомления</name>
								</entry>
								<entry>
									<id>not_send</id>
									<name>Не отправлять уведомления</name>
								</entry>
								<entry>
									<id>default</id>
									<name>По параметрам приложения</name>
								</entry>
							</entries>
							<description>Отправлять уведомления о получении обратной связи</description>
							<silent>false</silent>
							<position>1</position>
							<required>false</required>
						</wvar>
						<wvar>
							<name>iNotificationID</name>
							<type>foreign_elem</type>
							<catalog>notification</catalog>
							<description>Тип уведомлений о получении обратной связи (если не задано, берется из приложения)</description>
							<silent>false</silent>
							<position>2</position>
							<required>false</required>
						</wvar>
					</wvars>
					<ignore_catalog>false</ignore_catalog>
				</remote_action>
				<remote_action>
					<id>jk05qr</id>
					<remote_action_id>6987783607292655006</remote_action_id>
					<name>Запросить обратную связь</name>
					<code>GetRequestContinuousFeedbackCollaborator</code>
					<access_levels>
						<access_level>
							<access_level_id>10</access_level_id>
						</access_level>
						<access_level>
							<access_level_id>7</access_level_id>
						</access_level>
						<access_level>
							<access_level_id>5</access_level_id>
						</access_level>
					</access_levels>
					<wvars>
						<wvar>
							<name>sNotifyResponse</name>
							<value>default</value>
							<type>combo</type>
							<entries>
								<entry>
									<id>send</id>
									<name>Отправлять уведомления</name>
								</entry>
								<entry>
									<id>not_send</id>
									<name>Не отправлять уведомления</name>
								</entry>
								<entry>
									<id>default</id>
									<name>По параметрам приложения</name>
								</entry>
							</entries>
							<description>Отправлять уведомления о получении обратной связи</description>
							<silent>false</silent>
							<position>1</position>
							<required>false</required>
						</wvar>
						<wvar>
							<name>iNotifyResponseType</name>
							<type>foreign_elem</type>
							<catalog>notification</catalog>
							<description>Тип уведомлений о получении обратной связи (если не задано, берется из приложения)</description>
							<silent>false</silent>
							<position>2</position>
							<required>false</required>
						</wvar>
						<wvar>
							<name>sDaysPlanning</name>
							<value>7</value>
							<type>integer</type>
							<silent>false</silent>
							<position>3</position>
							<required>false</required>
						</wvar>
					</wvars>
					<ignore_catalog>false</ignore_catalog>
				</remote_action>
				<remote_action>
					<id>96rbuh</id>
					<remote_action_id>6987783607292655059</remote_action_id>
					<name>Запросить обратную связь по участнику проекта</name>
					<code>GetRequestContinuousFeedbackProjectParticipant</code>
					<access_levels>
						<access_level>
							<access_level_id>10</access_level_id>
						</access_level>
						<access_level>
							<access_level_id>7</access_level_id>
						</access_level>
						<access_level>
							<access_level_id>5</access_level_id>
						</access_level>
					</access_levels>
					<wvars>
						<wvar>
							<name>sNotifyResponse</name>
							<value>default</value>
							<type>combo</type>
							<entries>
								<entry>
									<id>send</id>
									<name>Отправлять уведомления</name>
								</entry>
								<entry>
									<id>not_send</id>
									<name>Не отправлять уведомления</name>
								</entry>
								<entry>
									<id>default</id>
									<name>По параметрам приложения</name>
								</entry>
							</entries>
							<description>Отправлять уведомления о получении обратной связи</description>
							<silent>false</silent>
							<position>1</position>
							<required>false</required>
						</wvar>
						<wvar>
							<name>iNotifyResponseType</name>
							<type>foreign_elem</type>
							<catalog>notification</catalog>
							<description>Тип уведомлений о получении обратной связи (если не задано, берется из приложения)</description>
							<silent>false</silent>
							<position>2</position>
							<required>false</required>
						</wvar>
						<wvar>
							<name>sDaysPlanning</name>
							<value>7</value>
							<type>integer</type>
							<silent>false</silent>
							<position>3</position>
							<required>false</required>
						</wvar>
					</wvars>
					<ignore_catalog>false</ignore_catalog>
				</remote_action>
				<remote_action>
					<id>cz6jwg</id>
					<remote_action_id>6971529551256452241</remote_action_id>
					<name>Запросить обратную связь (универсальное)</name>
					<code>GetRequestContinuousFeedbackAll</code>
					<access_levels>
						<access_level>
							<access_level_id>10</access_level_id>
						</access_level>
						<access_level>
							<access_level_id>7</access_level_id>
						</access_level>
						<access_level>
							<access_level_id>5</access_level_id>
						</access_level>
					</access_levels>
					<wvars>
						<wvar>
							<name>sNotifyResponse</name>
							<value>default</value>
							<type>combo</type>
							<entries>
								<entry>
									<id>send</id>
									<name>Отправлять уведомления</name>
								</entry>
								<entry>
									<id>not_send</id>
									<name>Не отправлять уведомления</name>
								</entry>
								<entry>
									<id>default</id>
									<name>По параметрам приложения</name>
								</entry>
							</entries>
							<description>Отправлять уведомления о получении обратной связи</description>
							<silent>false</silent>
							<position>1</position>
							<required>false</required>
						</wvar>
						<wvar>
							<name>iNotificationID</name>
							<type>foreign_elem</type>
							<catalog>notification</catalog>
							<description>Тип уведомлений о получении обратной связи (если не задано, берется из приложения)</description>
							<silent>false</silent>
							<position>2</position>
							<required>false</required>
						</wvar>
						<wvar>
							<name>iDaysPlanning</name>
							<value>7</value>
							<type>integer</type>
							<description>Дней на заполнение отзыва по умолчанию</description>
							<silent>false</silent>
							<position>3</position>
							<required>false</required>
						</wvar>
					</wvars>
					<ignore_catalog>false</ignore_catalog>
				</remote_action>
				<remote_action>
					<id>dqwjk3</id>
					<remote_action_id>7092167259964815994</remote_action_id>
					<name>Открыть помощь в приложении</name>
					<code>OpenHelp</code>
					<access_levels>
						<access_level>
							<access_level_id>10</access_level_id>
						</access_level>
						<access_level>
							<access_level_id>7</access_level_id>
						</access_level>
						<access_level>
							<access_level_id>5</access_level_id>
						</access_level>
						<access_level>
							<access_level_id>1</access_level_id>
						</access_level>
					</access_levels>
					<wvars>
						<wvar>
							<name>code</name>
							<value>websoft_continuous_feedback</value>
							<type>string</type>
							<silent>false</silent>
							<position>1</position>
							<required>false</required>
						</wvar>
					</wvars>
					<ignore_catalog>false</ignore_catalog>
				</remote_action>
			</remote_actions>
			<report_templates>
				<report_template>
					<id>3uffsh</id>
					<report_template_url>x-local://wtv/ui_forms/application_settings.xml</report_template_url>
					<report_template_type>form</report_template_type>
					<name>Настройки</name>
					<access_levels>
						<access_level>
							<access_level_id>10</access_level_id>
						</access_level>
					</access_levels>
					<wvars>
						<wvar>
							<name>elems</name>
							<value>common;project;notify</value>
							<type>string</type>
							<silent>false</silent>
							<position>1</position>
							<required>false</required>
						</wvar>
						<wvar>
							<name>expanded</name>
							<value>common;project;notify</value>
							<type>string</type>
							<silent>false</silent>
							<position>2</position>
							<required>false</required>
						</wvar>
					</wvars>
				</report_template>
				<report_template>
					<id>xp4ots</id>
					<report_template_url>x-local://wtv/ui_forms/application_settings.xml</report_template_url>
					<report_template_type>form</report_template_type>
					<name>Автоматизация</name>
					<access_levels>
						<access_level>
							<access_level_id>10</access_level_id>
						</access_level>
					</access_levels>
					<wvars>
						<wvar>
							<name>elems</name>
							<value>websoft_continuous_feedback_processing_requests</value>
							<type>string</type>
							<silent>false</silent>
							<position>1</position>
							<required>false</required>
						</wvar>
					</wvars>
				</report_template>
				<report_template>
					<id>o5fgpe</id>
					<report_template_url>x-local://components/continuous_feedback/spxml/ui_forms/cf_response_type_settings.xml</report_template_url>
					<report_template_type>form</report_template_type>
					<name>Типы обратной связи</name>
					<access_levels>
						<access_level>
							<access_level_id>10</access_level_id>
						</access_level>
					</access_levels>
				</report_template>
				<report_template>
					<id>qvdctr</id>
					<report_template_url>x-local://components/continuous_feedback/spxml/reports/wtv_view_feedback_result.xml</report_template_url>
					<report_template_type>form</report_template_type>
					<name>Результаты обратной связи</name>
					<access_levels>
						<access_level>
							<access_level_id>10</access_level_id>
						</access_level>
						<access_level>
							<access_level_id>7</access_level_id>
						</access_level>
						<access_level>
							<access_level_id>5</access_level_id>
						</access_level>
					</access_levels>
				</report_template>
			</report_templates>
			<application_units>
				<application_unit>
					<id>98vq</id>
					<code>navigation_items</code>
					<name>Левое меню</name>
					<items>
						<item>
							<id>ayd4</id>
							<name>Обратная связь</name>
							<type>divider</type>
							<image_url>x-local://wtv/app_pict/forum_messages.svg</image_url>
						</item>
						<item>
							<id>aval</id>
							<name>Сотрудники</name>
							<type>header</type>
							<image_url>x-local://wtv/app_pict/people.svg</image_url>
						</item>
						<item>
							<id>5wkf</id>
							<parent_id>aval</parent_id>
							<name>Сотрудники</name>
							<type>view_configuration</type>
							<list_object_id>wx226a</list_object_id>
						</item>
						<item>
							<id>hcdl</id>
							<parent_id>aval</parent_id>
							<name>Участники проектов</name>
							<type>view_configuration</type>
							<list_object_id>pw7ul7</list_object_id>
						</item>
						<item>
							<id>j9nd</id>
							<parent_id>ayd4</parent_id>
							<name>Запрошена</name>
							<type>view_configuration</type>
							<list_object_id>gd53dd</list_object_id>
						</item>
						<item>
							<id>7lko</id>
							<parent_id>ayd4</parent_id>
							<name>Дана</name>
							<type>view_configuration</type>
							<list_object_id>wovpdb</list_object_id>
						</item>
						<item>
							<id>kjxw</id>
							<parent_id>ayd4</parent_id>
							<name>Отменена</name>
							<type>view_configuration</type>
							<list_object_id>8jzlwd</list_object_id>
						</item>
						<item>
							<id>yscy</id>
							<name>Статистика</name>
							<type>header</type>
							<image_url>x-local://wtv/app_pict/static.svg</image_url>
						</item>
						<item>
							<id>gbi2</id>
							<parent_id>yscy</parent_id>
							<name>Результаты обратной связи</name>
							<type>report_template</type>
							<list_object_id>qvdctr</list_object_id>
						</item>
					</items>
				</application_unit>
				<application_unit>
					<id>qxll</id>
					<code>header_items</code>
					<name>Кнопки в заголовке</name>
					<items>
						<item>
							<id>2b76</id>
							<name>Обратная связь</name>
							<type>divider</type>
							<image_url>x-local://wtv/app_pict/add.svg</image_url>
							<view_type>all</view_type>
						</item>
						<item>
							<id>b3un</id>
							<parent_id>2b76</parent_id>
							<name>Оставить</name>
							<type>remote_action</type>
							<list_object_id>beggzr</list_object_id>
						</item>
						<item>
							<id>i2dc</id>
							<parent_id>2b76</parent_id>
							<name>Запросить</name>
							<type>remote_action</type>
							<list_object_id>cz6jwg</list_object_id>
						</item>
						<item>
							<id>prln</id>
							<name>Настройки и автоматизация</name>
							<type>divider</type>
							<image_url>x-local://wtv/app_pict/settings-menu-icon.svg</image_url>
							<view_type>img</view_type>
						</item>
						<item>
							<id>kjzb</id>
							<parent_id>prln</parent_id>
							<name>Настройки</name>
							<type>report_template</type>
							<list_object_id>3uffsh</list_object_id>
							<is_dialog>true</is_dialog>
						</item>
						<item>
							<id>3r0a</id>
							<parent_id>prln</parent_id>
							<name>Типы обратной связи</name>
							<type>report_template</type>
							<list_object_id>o5fgpe</list_object_id>
							<is_dialog>true</is_dialog>
						</item>
						<item>
							<id>pqje</id>
							<parent_id>prln</parent_id>
							<name>Автоматизация</name>
							<type>report_template</type>
							<list_object_id>xp4ots</list_object_id>
							<is_dialog>true</is_dialog>
						</item>
						<item>
							<id>xqmn</id>
							<name>Помощь</name>
							<type>remote_action</type>
							<list_object_id>dqwjk3</list_object_id>
							<image_url>x-local://wtv/app_pict/info-menu-icon.svg</image_url>
							<view_type>img</view_type>
						</item>
					</items>
				</application_unit>
			</application_units>
			<web_mode_id>6970084444300296306</web_mode_id>
		</application>
	</applications>
</data>
