﻿<?xml version="1.0" encoding="utf-8"?>
<data>
	<basic>
		<id>vb96wu6f7x</id>
		<create_date>2022-10-25T18:05:08+00:00</create_date>
		<server_version>2022.2.3.448 (2022-07-08)</server_version>
	</basic>
	<remote_actions>
		<remote_action>
			<id>0x630F21C54DD83D6F</id>
			<code>DeletePersonnelMember</code>
			<name>Удалить участника кадрового комитета</name>
			<type>eval</type>
			<cache_vars>{}</cache_vars>
			<catalog_name>committee_member</catalog_name>
			<link_name>committee_member</link_name>
			<show_in_list>1</show_in_list>
			<show_in_form>1</show_in_form>
			<exec_code>
				<code_url>x-local://wtv/remote_actions/DeletePersonnelMember.bs</code_url>
			</exec_code>
			<url>x-local://wtv/remote_actions/DeletePersonnelMember.bs</url>
			<default_disp_evaluate>0</default_disp_evaluate>
			<access>
				<access_level>0</access_level>
			</access>
			<is_std>0</is_std>
			<changed>0</changed>
			<doc_info>
				<creation>
					<user_login>user1</user_login>
					<user_id>0x5555555555555501</user_id>
					<date>2022-10-25T17:58:16+00:00</date>
				</creation>
				<modification>
					<user_login>user1</user_login>
					<user_id>0x5555555555555501</user_id>
					<date>2022-10-25T17:58:16+00:00</date>
				</modification>
			</doc_info>
		</remote_action>
	</remote_actions>
</data>
