﻿<?xml version="1.0" encoding="utf-8"?>
<data>
	<basic>
		<id>rhjxirnzqd</id>
		<create_date>2022-12-21T10:51:22+00:00</create_date>
		<server_version>2022.3.3.553 (2022-12-14)</server_version>
	</basic>
	<applications>
		<application>
			<id>0x62E192C7264F859B</id>
			<code>websoft_typical_development_programs</code>
			<name>Создание типовых программ</name>
			<type>complex</type>
			<use_instances>false</use_instances>
			<doc_info>
				<creation>
					<user_login>user1</user_login>
					<user_id>6148914691236517121</user_id>
					<date>2022-12-14T16:40:11Z</date>
				</creation>
				<modification>
					<user_login>user1</user_login>
					<user_id>6148914691236517121</user_id>
					<date>2022-12-21T10:50:11Z</date>
				</modification>
			</doc_info>
			<changed>true</changed>
			<is_std>true</is_std>
			<wvars>
				<wvar>
					<name>manager_type_id</name>
					<type>foreign_elem</type>
					<catalog>boss_type</catalog>
					<description>Тип руководителей, которые буду считаться HR в приложении. Если не задано, используется тип "Ответственный за обучение"</description>
					<silent>true</silent>
					<position>1</position>
				</wvar>
				<wvar>
					<name>websoft_typical_development_programs_update_plans</name>
					<type>bool</type>
					<description>Автоматически обновлять планы адаптации по типовым программам</description>
					<silent>false</silent>
					<position>2</position>
				</wvar>
				<wvar>
					<name>websoft_typical_development_programs_update_plans.type</name>
					<parent_wvar_name>websoft_typical_development_programs_update_plans</parent_wvar_name>
					<value>code</value>
					<type>combo</type>
					<entries>
						<entry>
							<id>code</id>
							<name>Исполняемый код</name>
						</entry>
						<entry>
							<id>user_assigments</id>
							<name>Назначение</name>
						</entry>
					</entries>
					<description>Тип агента</description>
					<silent>false</silent>
					<position>1</position>
				</wvar>
				<wvar>
					<name>websoft_typical_development_programs_update_plans.period</name>
					<parent_wvar_name>websoft_typical_development_programs_update_plans</parent_wvar_name>
					<value>daily</value>
					<type>combo</type>
					<entries>
						<entry>
							<id>daily</id>
							<name>Ежедневно</name>
						</entry>
						<entry>
							<id>several</id>
							<name>Периодически</name>
						</entry>
					</entries>
					<description>Период запуска – ежедневно или несколько раз за день</description>
					<silent>false</silent>
					<position>2</position>
				</wvar>
				<wvar>
					<name>websoft_typical_development_programs_update_plans.time_start</name>
					<parent_wvar_name>websoft_typical_development_programs_update_plans</parent_wvar_name>
					<value>1:00</value>
					<type>string</type>
					<description>Укажите время обновления планов адаптации</description>
					<silent>false</silent>
					<position>3</position>
				</wvar>
				<wvar>
					<name>websoft_typical_development_programs_update_plans.params_label</name>
					<parent_wvar_name>websoft_typical_development_programs_update_plans</parent_wvar_name>
					<type>heading</type>
					<description>Параметры обновления планов адаптации</description>
					<silent>false</silent>
					<position>4</position>
				</wvar>
				<wvar>
					<name>websoft_typical_development_programs_update_plans.sCareerReserveState</name>
					<parent_wvar_name>websoft_typical_development_programs_update_plans</parent_wvar_name>
					<value>plan;active</value>
					<type>list</type>
					<entries>
						<entry>
							<id>plan</id>
							<name>Планируется</name>
						</entry>
						<entry>
							<id>active</id>
							<name>В работе</name>
						</entry>
						<entry>
							<id>cancel</id>
							<name>Отменен</name>
						</entry>
					</entries>
					<description>Статусы адаптаций для обработки</description>
					<silent>false</silent>
					<position>5</position>
				</wvar>
				<wvar>
					<name>websoft_typical_development_programs_update_plans.sCareerReserveType</name>
					<parent_wvar_name>websoft_typical_development_programs_update_plans</parent_wvar_name>
					<value>adaptation</value>
					<type>list</type>
					<entries>
						<entry>
							<id>position</id>
							<name>Целевая должность</name>
						</entry>
						<entry>
							<id>position_common</id>
							<name>Целевая типовая должность</name>
						</entry>
						<entry>
							<id>staff_position</id>
							<name>Целевая позиция штатного расписания</name>
						</entry>
						<entry>
							<id>name</id>
							<name>Название целевой должности</name>
						</entry>
						<entry>
							<id>adaptation</id>
							<name>Адаптация</name>
						</entry>
					</entries>
					<silent>true</silent>
					<position>6</position>
				</wvar>
				<wvar>
					<name>websoft_typical_development_programs_update_plans.bCanAddTasks</name>
					<parent_wvar_name>websoft_typical_development_programs_update_plans</parent_wvar_name>
					<value>1</value>
					<type>bool</type>
					<description>Добавлять новые задачи в адаптации</description>
					<silent>false</silent>
					<position>7</position>
				</wvar>
				<wvar>
					<name>bCanEditTasks</name>
					<parent_wvar_name>websoft_typical_development_programs_update_plans</parent_wvar_name>
					<value>1</value>
					<type>bool</type>
					<description>Изменять существующие задачи в адаптациях</description>
					<silent>false</silent>
					<position>8</position>
				</wvar>
				<wvar>
					<name>sEditTaskStates</name>
					<parent_wvar_name>websoft_typical_development_programs_update_plans</parent_wvar_name>
					<value>plan</value>
					<type>list</type>
					<entries>
						<entry>
							<id>plan</id>
							<name>Планируется</name>
						</entry>
						<entry>
							<id>active</id>
							<name>В работе</name>
						</entry>
						<entry>
							<id>cancel</id>
							<name>Отменен</name>
						</entry>
					</entries>
					<description>Статусы, в которых задачи могут изменяться</description>
					<silent>false</silent>
					<position>9</position>
				</wvar>
				<wvar>
					<name>bCanDeleteTasks</name>
					<parent_wvar_name>websoft_typical_development_programs_update_plans</parent_wvar_name>
					<type>bool</type>
					<description>Удалять задачи в адаптациях</description>
					<silent>false</silent>
					<position>10</position>
				</wvar>
				<wvar>
					<name>sDeleteTaskStates</name>
					<parent_wvar_name>websoft_typical_development_programs_update_plans</parent_wvar_name>
					<type>list</type>
					<entries>
						<entry>
							<id>plan</id>
							<name>Планируется</name>
						</entry>
						<entry>
							<id>active</id>
							<name>В работе</name>
						</entry>
						<entry>
							<id>passed</id>
							<name>Выполнен успешно</name>
						</entry>
						<entry>
							<id>failed</id>
							<name>Выполнен неуспешно</name>
						</entry>
						<entry>
							<id>cancel</id>
							<name>Отменен</name>
						</entry>
					</entries>
					<description>Статусы, в которых задачи могут удаляться</description>
					<silent>false</silent>
					<position>11</position>
				</wvar>
				<wvar>
					<name>bCancelInsteadDelete</name>
					<parent_wvar_name>websoft_typical_development_programs_update_plans</parent_wvar_name>
					<type>bool</type>
					<description>Отменять задачи вместо удаления</description>
					<silent>false</silent>
					<position>12</position>
				</wvar>
				<wvar>
					<name>bSendNotificationCollaborators</name>
					<parent_wvar_name>websoft_typical_development_programs_update_plans</parent_wvar_name>
					<type>bool</type>
					<description>Отправлять уведомления сотрудникам</description>
					<silent>false</silent>
					<position>13</position>
				</wvar>
				<wvar>
					<name>iNotificationCollaboratorID</name>
					<parent_wvar_name>websoft_typical_development_programs_update_plans</parent_wvar_name>
					<value>0x63105D52734F05A0</value>
					<type>foreign_elem</type>
					<catalog>notification</catalog>
					<silent>true</silent>
					<position>14</position>
				</wvar>
				<wvar>
					<name>bSendNotificationTutors</name>
					<parent_wvar_name>websoft_typical_development_programs_update_plans</parent_wvar_name>
					<type>bool</type>
					<description>Отправлять уведомления наставникам</description>
					<silent>false</silent>
					<position>15</position>
				</wvar>
				<wvar>
					<name>iNotificationTutorID</name>
					<parent_wvar_name>websoft_typical_development_programs_update_plans</parent_wvar_name>
					<value>0x6315F50175EA1E75</value>
					<type>foreign_elem</type>
					<catalog>notification</catalog>
					<silent>true</silent>
					<position>16</position>
				</wvar>
				<wvar>
					<name>bLimitOrg</name>
					<parent_wvar_name>websoft_typical_development_programs_update_plans</parent_wvar_name>
					<type>bool</type>
					<description>Обрабатывать только выбранные организации</description>
					<silent>false</silent>
					<position>17</position>
				</wvar>
				<wvar>
					<name>aOrgs</name>
					<parent_wvar_name>websoft_typical_development_programs_update_plans</parent_wvar_name>
					<value>[]</value>
					<type>foreign_elem</type>
					<catalog>org</catalog>
					<description>Обрабатываемые организации</description>
					<silent>false</silent>
					<position>18</position>
				</wvar>
				<wvar>
					<name>bLimitSubdivision</name>
					<parent_wvar_name>websoft_typical_development_programs_update_plans</parent_wvar_name>
					<type>bool</type>
					<description>Обрабатывать только выбранные подразделения</description>
					<silent>false</silent>
					<position>19</position>
				</wvar>
				<wvar>
					<name>aSubdivisions</name>
					<parent_wvar_name>websoft_typical_development_programs_update_plans</parent_wvar_name>
					<value>[]</value>
					<type>foreign_elem</type>
					<catalog>subdivision</catalog>
					<description>Обрабатываемые подразделения</description>
					<silent>false</silent>
					<position>20</position>
				</wvar>
				<wvar>
					<name>bSubdivisionHier</name>
					<parent_wvar_name>websoft_typical_development_programs_update_plans</parent_wvar_name>
					<type>bool</type>
					<description>Учитывать иерархию подразделений</description>
					<silent>false</silent>
					<position>21</position>
				</wvar>
			</wvars>
			<access_blocks>
				<access_block>
					<id>edu</id>
					<can_read>true</can_read>
					<can_write>true</can_write>
					<can_delete>true</can_delete>
					<access_level_id>3</access_level_id>
				</access_block>
				<access_block>
					<id>edu</id>
					<can_read>true</can_read>
					<can_write>false</can_write>
					<can_delete>false</can_delete>
					<access_level_id>1</access_level_id>
				</access_block>
				<access_block>
					<id>pers</id>
					<can_read>true</can_read>
					<can_write>true</can_write>
					<can_delete>true</can_delete>
					<access_level_id>3</access_level_id>
				</access_block>
				<access_block>
					<id>pers</id>
					<can_read>true</can_read>
					<can_write>false</can_write>
					<can_delete>false</can_delete>
					<access_level_id>1</access_level_id>
				</access_block>
				<access_block>
					<id>pers</id>
					<can_read>true</can_read>
					<can_write>true</can_write>
					<can_delete>true</can_delete>
					<access_level_id>10</access_level_id>
				</access_block>
				<access_block>
					<id>pers</id>
					<can_read>true</can_read>
					<can_write>true</can_write>
					<can_delete>true</can_delete>
					<access_level_id>7</access_level_id>
				</access_block>
				<access_block>
					<id>career</id>
					<can_read>true</can_read>
					<can_write>true</can_write>
					<can_delete>true</can_delete>
					<access_level_id>10</access_level_id>
				</access_block>
				<access_block>
					<id>web</id>
					<can_read>true</can_read>
					<can_write>false</can_write>
					<can_delete>false</can_delete>
				</access_block>
				<access_block>
					<id>ass</id>
					<can_read>true</can_read>
					<can_write>false</can_write>
					<can_delete>false</can_delete>
				</access_block>
			</access_blocks>
			<access_levels>
				<access_level>
					<id>10</id>
					<name>Администратор приложения</name>
				</access_level>
				<access_level>
					<id>7</id>
					<name>Администратор процесса</name>
				</access_level>
				<access_level>
					<id>3</id>
					<name>Эксперт</name>
				</access_level>
				<access_level>
					<id>1</id>
					<name>Наблюдатель</name>
				</access_level>
			</access_levels>
			<view_configurations>
				<view_configuration>
					<id>kllutp</id>
					<view_configuration_id>7125365850486018806</view_configuration_id>
					<access_levels>
						<access_level>
							<access_level_id>10</access_level_id>
						</access_level>
						<access_level>
							<access_level_id>7</access_level_id>
						</access_level>
						<access_level>
							<access_level_id>3</access_level_id>
						</access_level>
						<access_level>
							<access_level_id>1</access_level_id>
						</access_level>
					</access_levels>
					<is_custom_menu>true</is_custom_menu>
					<remote_actions>
						<remote_action>
							<id>itpvsp</id>
						</remote_action>
						<remote_action>
							<id>x6bj1y</id>
						</remote_action>
						<remote_action>
							<id>fqgcdl</id>
						</remote_action>
						<remote_action>
							<id>xl68zd</id>
						</remote_action>
						<remote_action>
							<id>k4ssks</id>
						</remote_action>
						<remote_action>
							<id>b4lrtk</id>
						</remote_action>
						<remote_action>
							<id>tz41op</id>
						</remote_action>
						<remote_action>
							<id>5bjfqh</id>
						</remote_action>
					</remote_actions>
				</view_configuration>
				<view_configuration>
					<id>b0s3uy</id>
					<view_configuration_id>7125368637683207864</view_configuration_id>
					<access_levels>
						<access_level>
							<access_level_id>10</access_level_id>
						</access_level>
						<access_level>
							<access_level_id>7</access_level_id>
						</access_level>
						<access_level>
							<access_level_id>3</access_level_id>
						</access_level>
						<access_level>
							<access_level_id>1</access_level_id>
						</access_level>
					</access_levels>
					<is_custom_menu>true</is_custom_menu>
					<remote_actions>
						<remote_action>
							<id>1mofih</id>
						</remote_action>
						<remote_action>
							<id>k4ssks</id>
						</remote_action>
						<remote_action>
							<id>tz41op</id>
						</remote_action>
						<remote_action>
							<id>5bjfqh</id>
						</remote_action>
					</remote_actions>
				</view_configuration>
				<view_configuration>
					<id>8xbdrg</id>
					<view_configuration_id>7125368710178099477</view_configuration_id>
					<access_levels>
						<access_level>
							<access_level_id>10</access_level_id>
						</access_level>
						<access_level>
							<access_level_id>7</access_level_id>
						</access_level>
						<access_level>
							<access_level_id>3</access_level_id>
						</access_level>
						<access_level>
							<access_level_id>1</access_level_id>
						</access_level>
					</access_levels>
					<is_custom_menu>true</is_custom_menu>
					<remote_actions>
						<remote_action>
							<id>1mofih</id>
						</remote_action>
						<remote_action>
							<id>xl68zd</id>
						</remote_action>
						<remote_action>
							<id>tz41op</id>
						</remote_action>
						<remote_action>
							<id>5bjfqh</id>
						</remote_action>
					</remote_actions>
				</view_configuration>
				<view_configuration>
					<id>h9i0ee</id>
					<view_configuration_id>7125369111365240379</view_configuration_id>
					<access_levels>
						<access_level>
							<access_level_id>10</access_level_id>
						</access_level>
						<access_level>
							<access_level_id>7</access_level_id>
						</access_level>
						<access_level>
							<access_level_id>3</access_level_id>
						</access_level>
						<access_level>
							<access_level_id>1</access_level_id>
						</access_level>
					</access_levels>
					<is_custom_menu>false</is_custom_menu>
				</view_configuration>
				<view_configuration>
					<id>65wora</id>
					<view_configuration_id>7125369956249375222</view_configuration_id>
					<access_levels>
						<access_level>
							<access_level_id>10</access_level_id>
						</access_level>
						<access_level>
							<access_level_id>7</access_level_id>
						</access_level>
						<access_level>
							<access_level_id>3</access_level_id>
						</access_level>
						<access_level>
							<access_level_id>1</access_level_id>
						</access_level>
					</access_levels>
					<is_custom_menu>false</is_custom_menu>
				</view_configuration>
				<view_configuration>
					<id>80l2jq</id>
					<view_configuration_id>7125370820666220454</view_configuration_id>
					<access_levels>
						<access_level>
							<access_level_id>10</access_level_id>
						</access_level>
						<access_level>
							<access_level_id>7</access_level_id>
						</access_level>
						<access_level>
							<access_level_id>3</access_level_id>
						</access_level>
						<access_level>
							<access_level_id>1</access_level_id>
						</access_level>
					</access_levels>
					<is_custom_menu>false</is_custom_menu>
				</view_configuration>
				<view_configuration>
					<id>mrpk9y</id>
					<view_configuration_id>7125371215827521182</view_configuration_id>
					<access_levels>
						<access_level>
							<access_level_id>10</access_level_id>
						</access_level>
						<access_level>
							<access_level_id>7</access_level_id>
						</access_level>
						<access_level>
							<access_level_id>3</access_level_id>
						</access_level>
						<access_level>
							<access_level_id>1</access_level_id>
						</access_level>
					</access_levels>
					<is_custom_menu>false</is_custom_menu>
				</view_configuration>
				<view_configuration>
					<id>beo4au</id>
					<view_configuration_id>7125372181112624612</view_configuration_id>
					<access_levels>
						<access_level>
							<access_level_id>10</access_level_id>
						</access_level>
						<access_level>
							<access_level_id>7</access_level_id>
						</access_level>
						<access_level>
							<access_level_id>3</access_level_id>
						</access_level>
						<access_level>
							<access_level_id>1</access_level_id>
						</access_level>
					</access_levels>
					<is_custom_menu>false</is_custom_menu>
				</view_configuration>
				<view_configuration>
					<id>je4s40</id>
					<view_configuration_id>7125372885773470565</view_configuration_id>
					<access_levels>
						<access_level>
							<access_level_id>10</access_level_id>
						</access_level>
						<access_level>
							<access_level_id>7</access_level_id>
						</access_level>
						<access_level>
							<access_level_id>3</access_level_id>
						</access_level>
						<access_level>
							<access_level_id>1</access_level_id>
						</access_level>
					</access_levels>
					<is_custom_menu>false</is_custom_menu>
				</view_configuration>
				<view_configuration>
					<id>1c79o4</id>
					<view_configuration_id>7125373387726856917</view_configuration_id>
					<access_levels>
						<access_level>
							<access_level_id>10</access_level_id>
						</access_level>
						<access_level>
							<access_level_id>7</access_level_id>
						</access_level>
						<access_level>
							<access_level_id>3</access_level_id>
						</access_level>
						<access_level>
							<access_level_id>1</access_level_id>
						</access_level>
					</access_levels>
					<is_custom_menu>false</is_custom_menu>
				</view_configuration>
			</view_configurations>
			<remote_actions>
				<remote_action>
					<id>7091937161441726859</id>
					<remote_action_id>7091937161441726859</remote_action_id>
					<name>Создать типовую программу развития</name>
					<code>CreateTypicalDevelopment</code>
					<access_levels>
						<access_level>
							<access_level_id>10</access_level_id>
						</access_level>
						<access_level>
							<access_level_id>7</access_level_id>
						</access_level>
						<access_level>
							<access_level_id>3</access_level_id>
						</access_level>
					</access_levels>
					<ignore_catalog>false</ignore_catalog>
				</remote_action>
				<remote_action>
					<id>7092167259964815994</id>
					<remote_action_id>7092167259964815994</remote_action_id>
					<name>Открыть помощь в приложении</name>
					<code>OpenHelp</code>
					<access_levels>
						<access_level>
							<access_level_id>10</access_level_id>
						</access_level>
						<access_level>
							<access_level_id>7</access_level_id>
						</access_level>
						<access_level>
							<access_level_id>3</access_level_id>
						</access_level>
						<access_level>
							<access_level_id>1</access_level_id>
						</access_level>
					</access_levels>
					<wvars>
						<wvar>
							<name>code</name>
							<value>websoft_typical_development_programs</value>
							<type>string</type>
							<silent>false</silent>
							<position>1</position>
						</wvar>
					</wvars>
					<ignore_catalog>false</ignore_catalog>
				</remote_action>
				<remote_action>
					<id>itpvsp</id>
					<remote_action_id>7091937161441726862</remote_action_id>
					<name>Типовую должность</name>
					<code>AddTypicalDevelopmentProgramToObject</code>
					<access_levels>
						<access_level>
							<access_level_id>10</access_level_id>
						</access_level>
						<access_level>
							<access_level_id>7</access_level_id>
						</access_level>
						<access_level>
							<access_level_id>3</access_level_id>
						</access_level>
					</access_levels>
					<wvars>
						<wvar>
							<name>ObjectType</name>
							<value>position_common</value>
							<type>combo</type>
							<entries>
								<entry>
									<id>position_common</id>
									<name>Типовая должность</name>
								</entry>
								<entry>
									<id>position_family</id>
									<name>Семейство должностей</name>
								</entry>
								<entry>
									<id>subdivision_group</id>
									<name>Группа подразделений</name>
								</entry>
							</entries>
							<description>Тип объекта, в который будут добавляться типовые программы развития</description>
							<silent>false</silent>
							<position>1</position>
						</wvar>
						<wvar>
							<name>TypeAdd</name>
							<value>change_admin</value>
							<type>combo</type>
							<entries>
								<entry>
									<id>change_admin</id>
									<name>По выбору администратора</name>
								</entry>
								<entry>
									<id>ext</id>
									<name>Для внешнего перемещения</name>
								</entry>
								<entry>
									<id>int</id>
									<name>Для внутреннего перемещение</name>
								</entry>
								<entry>
									<id>any</id>
									<name>Для любого перемещения</name>
								</entry>
							</entries>
							<description>Способ назначения, который записывается вместе с добавляемыми типовыми программами развития</description>
							<silent>false</silent>
							<position>2</position>
						</wvar>
						<wvar>
							<name>Comment</name>
							<type>bool</type>
							<description>Включает/выключает возможность добавить комментарий</description>
							<silent>false</silent>
							<position>3</position>
						</wvar>
					</wvars>
					<menu_id>a8k7</menu_id>
					<ignore_catalog>false</ignore_catalog>
				</remote_action>
				<remote_action>
					<id>x6bj1y</id>
					<remote_action_id>7091937161441726862</remote_action_id>
					<name>Семейство должностей</name>
					<code>AddTypicalDevelopmentProgramToObject</code>
					<access_levels>
						<access_level>
							<access_level_id>7</access_level_id>
						</access_level>
						<access_level>
							<access_level_id>3</access_level_id>
						</access_level>
						<access_level>
							<access_level_id>10</access_level_id>
						</access_level>
					</access_levels>
					<wvars>
						<wvar>
							<name>ObjectType</name>
							<value>position_family</value>
							<type>combo</type>
							<entries>
								<entry>
									<id>position_common</id>
									<name>Типовая должность</name>
								</entry>
								<entry>
									<id>position_family</id>
									<name>Семейство должностей</name>
								</entry>
								<entry>
									<id>subdivision_group</id>
									<name>Группа подразделений</name>
								</entry>
							</entries>
							<description>Тип объекта, в который будут добавляться типовые программы развития</description>
							<silent>false</silent>
							<position>1</position>
						</wvar>
						<wvar>
							<name>TypeAdd</name>
							<value>change_admin</value>
							<type>combo</type>
							<entries>
								<entry>
									<id>change_admin</id>
									<name>По выбору администратора</name>
								</entry>
								<entry>
									<id>ext</id>
									<name>Для внешнего перемещения</name>
								</entry>
								<entry>
									<id>int</id>
									<name>Для внутреннего перемещение</name>
								</entry>
								<entry>
									<id>any</id>
									<name>Для любого перемещения</name>
								</entry>
							</entries>
							<description>Способ назначения, который записывается вместе с добавляемыми типовыми программами развития</description>
							<silent>false</silent>
							<position>2</position>
						</wvar>
						<wvar>
							<name>Comment</name>
							<type>bool</type>
							<description>Включает/выключает возможность добавить комментарий</description>
							<silent>false</silent>
							<position>3</position>
						</wvar>
					</wvars>
					<menu_id>a8k7</menu_id>
					<ignore_catalog>false</ignore_catalog>
				</remote_action>
				<remote_action>
					<id>fqgcdl</id>
					<remote_action_id>7091937161441726862</remote_action_id>
					<name>Группу подразделений</name>
					<code>AddTypicalDevelopmentProgramToObject</code>
					<access_levels>
						<access_level>
							<access_level_id>10</access_level_id>
						</access_level>
						<access_level>
							<access_level_id>3</access_level_id>
						</access_level>
						<access_level>
							<access_level_id>7</access_level_id>
						</access_level>
					</access_levels>
					<wvars>
						<wvar>
							<name>ObjectType</name>
							<value>subdivision_group</value>
							<type>combo</type>
							<entries>
								<entry>
									<id>position_common</id>
									<name>Типовая должность</name>
								</entry>
								<entry>
									<id>position_family</id>
									<name>Семейство должностей</name>
								</entry>
								<entry>
									<id>subdivision_group</id>
									<name>Группа подразделений</name>
								</entry>
							</entries>
							<description>Тип объекта, в который будут добавляться типовые программы развития</description>
							<silent>false</silent>
							<position>1</position>
						</wvar>
						<wvar>
							<name>TypeAdd</name>
							<value>change_admin</value>
							<type>combo</type>
							<entries>
								<entry>
									<id>change_admin</id>
									<name>По выбору администратора</name>
								</entry>
								<entry>
									<id>ext</id>
									<name>Для внешнего перемещения</name>
								</entry>
								<entry>
									<id>int</id>
									<name>Для внутреннего перемещение</name>
								</entry>
								<entry>
									<id>any</id>
									<name>Для любого перемещения</name>
								</entry>
							</entries>
							<description>Способ назначения, который записывается вместе с добавляемыми типовыми программами развития</description>
							<silent>false</silent>
							<position>2</position>
						</wvar>
						<wvar>
							<name>Comment</name>
							<type>bool</type>
							<description>Включает/выключает возможность добавить комментарий</description>
							<silent>false</silent>
							<position>3</position>
						</wvar>
					</wvars>
					<menu_id>a8k7</menu_id>
					<ignore_catalog>false</ignore_catalog>
				</remote_action>
				<remote_action>
					<id>1mofih</id>
					<remote_action_id>7091937161441726857</remote_action_id>
					<name>Сделать действующей</name>
					<code>ChangeTypicalDevelopmentProgramState</code>
					<access_levels>
						<access_level>
							<access_level_id>10</access_level_id>
						</access_level>
						<access_level>
							<access_level_id>7</access_level_id>
						</access_level>
						<access_level>
							<access_level_id>3</access_level_id>
						</access_level>
					</access_levels>
					<wvars>
						<wvar>
							<name>state</name>
							<value>active</value>
							<type>combo</type>
							<entries>
								<entry>
									<id>active</id>
									<name>Действующая</name>
								</entry>
								<entry>
									<id>plan</id>
									<name>Планируется</name>
								</entry>
								<entry>
									<id>archive</id>
									<name>Архив</name>
								</entry>
								<entry>
									<id>change_admin</id>
									<name>По выбору администратора</name>
								</entry>
							</entries>
							<silent>false</silent>
							<position>1</position>
						</wvar>
					</wvars>
					<menu_id>z04p</menu_id>
					<ignore_catalog>false</ignore_catalog>
				</remote_action>
				<remote_action>
					<id>xl68zd</id>
					<remote_action_id>7091937161441726857</remote_action_id>
					<name>Вернуть в разработку</name>
					<code>ChangeTypicalDevelopmentProgramState</code>
					<access_levels>
						<access_level>
							<access_level_id>10</access_level_id>
						</access_level>
						<access_level>
							<access_level_id>7</access_level_id>
						</access_level>
						<access_level>
							<access_level_id>3</access_level_id>
						</access_level>
					</access_levels>
					<wvars>
						<wvar>
							<name>state</name>
							<value>plan</value>
							<type>combo</type>
							<entries>
								<entry>
									<id>active</id>
									<name>Действующая</name>
								</entry>
								<entry>
									<id>plan</id>
									<name>Планируется</name>
								</entry>
								<entry>
									<id>archive</id>
									<name>Архив</name>
								</entry>
								<entry>
									<id>change_admin</id>
									<name>По выбору администратора</name>
								</entry>
							</entries>
							<silent>false</silent>
							<position>1</position>
						</wvar>
					</wvars>
					<menu_id>z04p</menu_id>
					<ignore_catalog>false</ignore_catalog>
				</remote_action>
				<remote_action>
					<id>k4ssks</id>
					<remote_action_id>7091937161441726857</remote_action_id>
					<name>Отправить в архив</name>
					<code>ChangeTypicalDevelopmentProgramState</code>
					<access_levels>
						<access_level>
							<access_level_id>10</access_level_id>
						</access_level>
						<access_level>
							<access_level_id>7</access_level_id>
						</access_level>
						<access_level>
							<access_level_id>3</access_level_id>
						</access_level>
					</access_levels>
					<wvars>
						<wvar>
							<name>state</name>
							<value>archive</value>
							<type>combo</type>
							<entries>
								<entry>
									<id>active</id>
									<name>Действующая</name>
								</entry>
								<entry>
									<id>plan</id>
									<name>Планируется</name>
								</entry>
								<entry>
									<id>archive</id>
									<name>Архив</name>
								</entry>
								<entry>
									<id>change_admin</id>
									<name>По выбору администратора</name>
								</entry>
							</entries>
							<silent>false</silent>
							<position>1</position>
						</wvar>
					</wvars>
					<menu_id>z04p</menu_id>
					<ignore_catalog>false</ignore_catalog>
				</remote_action>
				<remote_action>
					<id>tz41op</id>
					<remote_action_id>7085639845907937224</remote_action_id>
					<name>Изменить</name>
					<code>TypicalDevelopmentProgramOpenFull</code>
					<access_levels>
						<access_level>
							<access_level_id>10</access_level_id>
						</access_level>
						<access_level>
							<access_level_id>7</access_level_id>
						</access_level>
						<access_level>
							<access_level_id>3</access_level_id>
						</access_level>
					</access_levels>
					<wvars>
						<wvar>
							<name>OBJECT_ID</name>
							<type>string</type>
							<silent>false</silent>
							<position>1</position>
						</wvar>
					</wvars>
					<ignore_catalog>false</ignore_catalog>
				</remote_action>
				<remote_action>
					<id>5bjfqh</id>
					<remote_action_id>7091937161441726828</remote_action_id>
					<name>Удалить</name>
					<code>DeleteTypicalDevelopmentProgram</code>
					<access_levels>
						<access_level>
							<access_level_id>10</access_level_id>
						</access_level>
						<access_level>
							<access_level_id>7</access_level_id>
						</access_level>
						<access_level>
							<access_level_id>3</access_level_id>
						</access_level>
					</access_levels>
					<ignore_catalog>false</ignore_catalog>
				</remote_action>
				<remote_action>
					<id>b4lrtk</id>
					<remote_action_id>7106111461081568861</remote_action_id>
					<name>Обновить планы адаптации</name>
					<code>UpdateCareerReserveByTypicalDevelopmentProgram</code>
					<access_levels>
						<access_level>
							<access_level_id>10</access_level_id>
						</access_level>
						<access_level>
							<access_level_id>7</access_level_id>
						</access_level>
						<access_level>
							<access_level_id>3</access_level_id>
						</access_level>
					</access_levels>
					<wvars>
						<wvar>
							<name>sCareerReserveType</name>
							<value>adaptation</value>
							<type>list</type>
							<entries>
								<entry>
									<id>position</id>
									<name>Целевая должность</name>
								</entry>
								<entry>
									<id>position_common</id>
									<name>Целевая типовая должность</name>
								</entry>
								<entry>
									<id>staff_position</id>
									<name>Целевая позиция штатного расписания</name>
								</entry>
								<entry>
									<id>name</id>
									<name>Название целевой должности</name>
								</entry>
								<entry>
									<id>adaptation</id>
									<name>Адаптация</name>
								</entry>
							</entries>
							<description>Определяет типы развитий карьеры, которые будут обрабатываться</description>
							<silent>false</silent>
							<position>2</position>
						</wvar>
						<wvar>
							<name>sCareerReserveState</name>
							<value>plan;active</value>
							<type>list</type>
							<entries>
								<entry>
									<id>plan</id>
									<name>Планируется</name>
								</entry>
								<entry>
									<id>active</id>
									<name>В работе</name>
								</entry>
								<entry>
									<id>passed</id>
									<name>Выполнен успешно</name>
								</entry>
								<entry>
									<id>failed</id>
									<name>Выполнен неуспешно</name>
								</entry>
								<entry>
									<id>cancel</id>
									<name>Отменен</name>
								</entry>
							</entries>
							<description>Определяет статусы развитий карьеры, которые будут обрабатываться</description>
							<silent>false</silent>
							<position>2</position>
						</wvar>
						<wvar>
							<name>bCanAddTasks</name>
							<value>1</value>
							<type>bool</type>
							<description>Включает/выключает добавление новых задач из типовой программы в план развития</description>
							<silent>false</silent>
							<position>3</position>
						</wvar>
						<wvar>
							<name>bCanEditTasks</name>
							<value>1</value>
							<type>bool</type>
							<description>Включает/выключает обновление существующих задач</description>
							<silent>false</silent>
							<position>4</position>
						</wvar>
						<wvar>
							<name>sEditTaskStates</name>
							<parent_wvar_name>bCanEditTasks</parent_wvar_name>
							<value>plan;cancel</value>
							<type>list</type>
							<entries>
								<entry>
									<id>plan</id>
									<name>Планируется</name>
								</entry>
								<entry>
									<id>active</id>
									<name>В работе</name>
								</entry>
								<entry>
									<id>passed</id>
									<name>Выполнен успешно</name>
								</entry>
								<entry>
									<id>failed</id>
									<name>Выполнен неуспешно</name>
								</entry>
								<entry>
									<id>cancel</id>
									<name>Отменен</name>
								</entry>
							</entries>
							<description>Определяет статусы задач, при которых задача может быть изменена</description>
							<silent>false</silent>
							<position>1</position>
						</wvar>
						<wvar>
							<name>bCanDeleteTasks</name>
							<value>1</value>
							<type>bool</type>
							<description>Включает/выключает удаление из плана деятельности задач, удаленных из типовой программы</description>
							<silent>false</silent>
							<position>5</position>
						</wvar>
						<wvar>
							<name>sDeleteTaskStates</name>
							<parent_wvar_name>bCanDeleteTasks</parent_wvar_name>
							<value>plan;cancel</value>
							<type>list</type>
							<entries>
								<entry>
									<id>plan</id>
									<name>Планируется</name>
								</entry>
								<entry>
									<id>active</id>
									<name>В работе</name>
								</entry>
								<entry>
									<id>passed</id>
									<name>Выполнен успешно</name>
								</entry>
								<entry>
									<id>failed</id>
									<name>Выполнен неуспешно</name>
								</entry>
								<entry>
									<id>cancel</id>
									<name>Отменен</name>
								</entry>
							</entries>
							<description>Определяет статусы задач, при которых задача может быть удалена</description>
							<silent>false</silent>
							<position>1</position>
						</wvar>
						<wvar>
							<name>bCancelInsteadDelete</name>
							<parent_wvar_name>bCanDeleteTasks</parent_wvar_name>
							<type>bool</type>
							<description>Если включен, то задачи вместо удаления переводятся в статус Отменена</description>
							<silent>false</silent>
							<position>2</position>
						</wvar>
						<wvar>
							<name>bSendNotificationCollaborators</name>
							<value>1</value>
							<type>bool</type>
							<description>Включает/выключает отправку уведомлений об изменении плана деятельности сотруднику</description>
							<silent>false</silent>
							<position>6</position>
						</wvar>
						<wvar>
							<name>iNotificationCollaboratorID</name>
							<parent_wvar_name>bSendNotificationCollaborators</parent_wvar_name>
							<value>0x63105D52734F05A0</value>
							<type>foreign_elem</type>
							<catalog>notification</catalog>
							<description>Тип для генерации уведомлений сотрудникам</description>
							<silent>false</silent>
							<position>1</position>
						</wvar>
						<wvar>
							<name>bSendNotificationTutors</name>
							<value>1</value>
							<type>bool</type>
							<description>Включает/выключает отправку уведомлений об изменении плана деятельности сотруднику</description>
							<silent>false</silent>
							<position>7</position>
						</wvar>
						<wvar>
							<name>iNotificationTutorID</name>
							<parent_wvar_name>bSendNotificationTutors</parent_wvar_name>
							<value>0x6315F50175EA1E75</value>
							<type>foreign_elem</type>
							<catalog>notification</catalog>
							<description>Тип для генерации уведомлений наставникам</description>
							<silent>false</silent>
							<position>1</position>
						</wvar>
					</wvars>
					<ignore_catalog>false</ignore_catalog>
				</remote_action>
			</remote_actions>
			<report_templates>
				<report_template>
					<id>tl9ta9</id>
					<report_template_url>x-local://wtv/ui_forms/application_settings.xml</report_template_url>
					<report_template_type>form</report_template_type>
					<name>Автоматизация</name>
					<access_levels>
						<access_level>
							<access_level_id>10</access_level_id>
						</access_level>
					</access_levels>
					<wvars>
						<wvar>
							<name>elems</name>
							<value>websoft_typical_development_programs_update_plans</value>
							<type>string</type>
							<silent>false</silent>
							<position>1</position>
						</wvar>
					</wvars>
				</report_template>
			</report_templates>
			<action_menus>
				<action_menu>
					<id>a8k7</id>
					<title>Добавить в...</title>
				</action_menu>
				<action_menu>
					<id>z04p</id>
					<title>Изменить статус...</title>
				</action_menu>
			</action_menus>
			<application_units>
				<application_unit>
					<id>f0xp</id>
					<code>navigation_items</code>
					<name>Левое меню</name>
					<items>
						<item>
							<id>s8gf</id>
							<name>Типовые программы</name>
							<type>view_configuration</type>
							<list_object_id>kllutp</list_object_id>
							<image_url>x-local://wtv/app_pict/program_development.svg</image_url>
						</item>
						<item>
							<id>h40c</id>
							<parent_id>s8gf</parent_id>
							<name>Действующие</name>
							<type>view_configuration</type>
							<list_object_id>kllutp</list_object_id>
						</item>
						<item>
							<id>tu88</id>
							<parent_id>s8gf</parent_id>
							<name>В разработке</name>
							<type>view_configuration</type>
							<list_object_id>b0s3uy</list_object_id>
						</item>
						<item>
							<id>e3br</id>
							<parent_id>s8gf</parent_id>
							<name>Архив</name>
							<type>view_configuration</type>
							<list_object_id>8xbdrg</list_object_id>
						</item>
						<item>
							<id>elcx</id>
							<name>Справочники</name>
							<type>view_configuration</type>
							<list_object_id>h9i0ee</list_object_id>
							<image_url>x-local://wtv/app_pict/guide.svg</image_url>
						</item>
						<item>
							<id>ylk3</id>
							<parent_id>elcx</parent_id>
							<name>Электронные курсы</name>
							<type>view_configuration</type>
							<list_object_id>h9i0ee</list_object_id>
						</item>
						<item>
							<id>am7g</id>
							<parent_id>elcx</parent_id>
							<name>Тесты</name>
							<type>view_configuration</type>
							<list_object_id>65wora</list_object_id>
						</item>
						<item>
							<id>fh5f</id>
							<parent_id>elcx</parent_id>
							<name>Задания</name>
							<type>view_configuration</type>
							<list_object_id>80l2jq</list_object_id>
						</item>
						<item>
							<id>h6kz</id>
							<parent_id>elcx</parent_id>
							<name>Учебные программы</name>
							<type>view_configuration</type>
							<list_object_id>mrpk9y</list_object_id>
						</item>
						<item>
							<id>6kfk</id>
							<parent_id>elcx</parent_id>
							<name>Модульные программы</name>
							<type>view_configuration</type>
							<list_object_id>beo4au</list_object_id>
						</item>
						<item>
							<id>jwdu</id>
							<parent_id>elcx</parent_id>
							<name>Процедуры опроса</name>
							<type>view_configuration</type>
							<list_object_id>je4s40</list_object_id>
						</item>
						<item>
							<id>7zr8</id>
							<parent_id>elcx</parent_id>
							<name>Процедуры оценки</name>
							<type>view_configuration</type>
							<list_object_id>1c79o4</list_object_id>
						</item>
					</items>
				</application_unit>
				<application_unit>
					<id>lzvu</id>
					<code>header_items</code>
					<name>Кнопки в заголовке</name>
					<items>
						<item>
							<id>rq0h</id>
							<name>Добавить типовую программу</name>
							<type>remote_action</type>
							<list_object_id>7091937161441726859</list_object_id>
							<image_url>x-local://wtv/app_pict/add.svg</image_url>
							<view_type>all</view_type>
						</item>
						<item>
							<id>h15t</id>
							<name>Автоматизация</name>
							<type>report_template</type>
							<list_object_id>tl9ta9</list_object_id>
							<image_url>x-local://wtv/app_pict/settings-menu-icon.svg</image_url>
							<is_dialog>true</is_dialog>
							<view_type>img</view_type>
						</item>
						<item>
							<id>qcjb</id>
							<name>Помощь</name>
							<type>remote_action</type>
							<list_object_id>7092167259964815994</list_object_id>
							<image_url>x-local://wtv/app_pict/info-menu-icon.svg</image_url>
							<view_type>img</view_type>
						</item>
					</items>
				</application_unit>
			</application_units>
			<library_access>
				<object_claims>
					<object_claim>
						<object_id>6833359738380905513</object_id>
						<element_code>GetEducationMethodContext</element_code>
					</object_claim>
					<object_claim>
						<object_id>6833359738380905513</object_id>
						<element_code>GetLearningTaskContext</element_code>
					</object_claim>
					<object_claim>
						<object_id>6847105691303417921</object_id>
						<element_code>GetTypicalDevelopmentProgramContext</element_code>
					</object_claim>
				</object_claims>
			</library_access>
			<web_mode_id>6903425549076361646</web_mode_id>
			<web_mode_id>6901649315191526809</web_mode_id>
			<web_mode_id>6969866413468707960</web_mode_id>
		</application>
	</applications>
</data>
