﻿<?xml version="1.0" encoding="utf-8"?>
<data>
	<basic>
		<id>aen3rug4yd</id>
		<create_date>2024-02-19T17:04:47+00:00</create_date>
		<server_version>2023.2.841 (2024-02-14)</server_version>
	</basic>
	<notifications>
		<notification>
			<id>0x611BC0B87B1A984D</id>
			<code>delete_knowledge_acquaint_boss</code>
			<name>Уведомление руководителя об удалении знания подчиненным</name>
			<recipients>
				<recipient>
					<recipient_type>in_doc</recipient_type>
					<notification_template_id>6997398856878903272</notification_template_id>
				</recipient>
			</recipients>
			<field_recipient_type>auto</field_recipient_type>
			<notification_systems>
				<notification_system>
					<notification_system_id>6035867320053143919</notification_system_id>
				</notification_system>
			</notification_systems>
			<active>true</active>
			<is_std>false</is_std>
			<changed>false</changed>
			<date_shift_selector>0</date_shift_selector>
			<date_shift>0.0E0</date_shift>
			<sender_selector>0</sender_selector>
			<doc_info>
				<creation>
					<user_login>user1</user_login>
					<user_id>6148914691236517121</user_id>
					<date>2024-02-19T16:27:21Z</date>
				</creation>
				<modification>
					<user_login>user1</user_login>
					<user_id>6148914691236517121</user_id>
					<date>2024-02-19T16:29:57Z</date>
				</modification>
			</doc_info>
		</notification>
	</notifications>
	<notification_templates>
		<notification_template>
			<id>0x611BC12FBFFDCFE8</id>
			<code>delete_knowledge_acquaint_boss</code>
			<name>Уведомление руководителя об удалении знания подчиненным сотрудником</name>
			<subject>Уведомление руководителя об удалении знания подчиненным сотрудником</subject>
			<body>&lt;%&#10;sSexBoss = ( objDoc.sex.HasValue &amp;&amp; objDoc.sex == "w" ) ? "ая" : "ый";&#10;&#10;teObjectColl = OpenDoc( UrlFromDocID( OptInt( objDocSec.person_id ) ) ).TopElem;&#10;sSexColl = ( teObjectColl.sex.HasValue &amp;&amp; teObjectColl.sex == "w" ) ? "а" : "";&#10;%&gt;&#10;Уважаем&lt;%=sSexBoss%&gt;, &lt;%=objDoc.fullname%&gt;!&#10;&#10;Сотрудник &lt;%=objDocSec.person_fullname%&gt; удалил&lt;%=sSexColl%&gt; знание «&lt;%=objDocSec.knowledge_part_name%&gt;» из области своих интересов.&#10;Для просмотра подробностей перейдите по следующей ссылке: &lt;%=UrlAppendPath( global_settings.settings.portal_base_url, tools_web.get_mode_clean_url( null, objDocSec.knowledge_part_id ) )%&gt;.&#10;&#10;PS: Это письмо отправлено автоматически и не требует ответа.</body>
			<body_type>plane</body_type>
			<is_std>false</is_std>
			<changed>false</changed>
			<doc_info>
				<creation>
					<user_login>user1</user_login>
					<user_id>6148914691236517121</user_id>
					<date>2024-02-19T16:44:34Z</date>
				</creation>
				<modification>
					<user_login>user1</user_login>
					<user_id>6148914691236517121</user_id>
					<date>2024-02-19T16:44:34Z</date>
				</modification>
			</doc_info>
		</notification_template>
	</notification_templates>
</data>
