﻿<?xml version="1.0" encoding="utf-8"?>
<data>
	<basic>
		<id>g1pgv8lbuf</id>
		<create_date>2023-03-31T14:27:56+00:00</create_date>
		<server_version>2023.1.595 (2023-02-16)</server_version>
	</basic>
	<remote_actions>
		<remote_action>
			<id>0x6396A13616611BF4</id>
			<code>TalentPoolNominationCreateChange</code>
			<name>Кадровый резерв / Создать/изменить способ выдвижения в резерв</name>
			<type>eval</type>
			<cache_vars>{}</cache_vars>
			<catalog_name>talent_pool_nomination</catalog_name>
			<link_name>talent_pool_nomination</link_name>
			<show_in_list>1</show_in_list>
			<show_in_form>1</show_in_form>
			<exec_code>
				<code_url>x-local://wtv/remote_actions/TalentPoolNominationCreateChange.bs</code_url>
			</exec_code>
			<url>x-local://wtv/remote_actions/TalentPoolNominationCreateChange.bs</url>
			<default_disp_evaluate>0</default_disp_evaluate>
			<access>
				<access_level>0</access_level>
			</access>
			<is_std>0</is_std>
			<changed>0</changed>
			<doc_info>
				<creation>
					<user_login>user1</user_login>
					<user_id>0x5555555555555501</user_id>
					<date>2023-03-31T12:54:02+00:00</date>
				</creation>
				<modification>
					<user_login>user1</user_login>
					<user_id>0x5555555555555501</user_id>
					<date>2023-03-31T12:54:02+00:00</date>
				</modification>
			</doc_info>
		</remote_action>
	</remote_actions>
</data>
