﻿<?xml version="1.0" encoding="utf-8"?>
<data>
	<basic>
		<id>wt2zsfq6tr</id>
		<create_date>2024-03-15T11:19:45+00:00</create_date>
		<server_version>2023.2.853 (2024-03-02)</server_version>
	</basic>
	<notification_templates>
		<notification_template>
			<id>0x646624AD4C8058E1</id>
			<code>modify_event</code>
			<name>Уведомление о создании/изменении мероприятия</name>
			<subject>Уведомление о создании/изменении мероприятия</subject>
			<body>&lt;%&#10;&#10;//----------------------------------&#10;// часовой пояс времени, указываемого в параметрах карточки мероприятия, &#10;// если параметр отрицательный укажите (0-X), где X - число часов [десятичная дробь]&#10;BASE_TIME_ZONE = 3; &#10;//----------------------------------&#10;&#10;teOrganizerObject = OpenDoc( UrlFromDocID( OptInt( objDocID ) ) ).TopElem;&#10;teEvent = objDoc; // переопределим для удобства чтения&#10;file_id = String(teEvent.id).slice(String(teEvent.id).length-6);&#10;&#10;sOrganizerFullname = teOrganizerObject.fullname;&#10;sOrganizerEmail = teOrganizerObject.email;&#10;sSubject = Text;&#10;sComment = teEvent.comment;&#10;sParticipantEmail = "";&#10;sParticipantData = "";&#10;&#10;UID = StrHexInt(teEvent.id)&#10;&#10;bCanceled = (objDocSecID == null)&#10;&#10;sSender = sOrganizerFullname + " &lt;" + sOrganizerEmail + "&gt;"&#10;&#10;html_text = "&lt;p style=\"font-size:18.0pt;font-family:&amp;quot;Segoe UI&amp;quot;,sans-serif;color:#252424\"&gt;Описание к событию&lt;/p&gt;";&#10;text="";&#10;&#10;month = Month(teEvent.plan_start_date)&#10;if(Month(teEvent.plan_start_date) &lt; 10)&#10;{&#10;&#9;month = '0' + StrInt(Month(teEvent.plan_start_date))&#10;}&#10;&#10;day = Day(teEvent.plan_start_date)&#10;if(Day(teEvent.plan_start_date) &lt; 10)&#10;{&#10;&#9;day = '0' + StrInt(Day(teEvent.plan_start_date))&#10;}&#10;&#10;// START HOUR&#10;start_hour = StrRangePos(teEvent.start_time, 0,2)&#10;/*&#10;start_hour = OptInt(StrRangePos(teEvent.start_time, 0,2))-3&#10;start_hour = '0' + StrInt(start_hour)&#10;*/&#10;&#10;// START MINUTE&#10;start_minute = StrRangePos(teEvent.start_time, 3,5)&#10;&#10;START_TIME = StrInt(Year(teEvent.plan_start_date)) + month + day + 'T' + start_hour + start_minute + 'Z'&#10;DT_TIME_START = StrInt(Year(teEvent.plan_start_date)) + month + day + 'T' + start_hour + start_minute + '00'&#10;&#10;// FINISH HOUR&#10;end_hour = OptInt(StrRangePos(teEvent.end_time, 0,2))&#10;end_hour = StrRangePos(teEvent.end_time, 0,2)&#10;&#10;// FINISH MINUTE&#10;end_minute = OptInt(StrRangePos(teEvent.end_time, 3,5))&#10;end_minute = StrRangePos(teEvent.end_time, 3,5)&#10;&#10;END_TIME = StrInt(Year(teEvent.plan_start_date)) + month + day + 'T' + end_hour + end_minute + 'Z'&#10;DT_TIME_END = StrInt(Year(teEvent.plan_start_date)) + month + day + 'T' + end_hour + end_minute + '00'&#10;&#10;html_text += "&lt;p style=\"padding:0;margin: 0 0 10px;line-height:20px;font-size:18px;font-family:&amp;quot;Segoe UI&amp;quot;,sans-serif;\"&gt;" + teEvent.plan_start_date + " состоится корпоративный звонок. Время созвона: с " + teEvent.start_time + " до " + teEvent.end_time + "&lt;/p&gt;";&#10;&#10;if(sComment != "")&#10;{&#9;&#10;&#9;html_text += "&lt;p style=\"font-size:18.0pt;font-family:&amp;quot;Segoe UI&amp;quot;,sans-serif;color:#252424\"&gt;Комментарий к событию&lt;/p&gt;";&#10;&#9;html_text += "&lt;p style=\"padding:0;margin: 0 0 10px;line-height:20px;font-size:18px;font-family:&amp;quot;Segoe UI&amp;quot;,sans-serif;\"&gt;" + sComment +"&lt;/p&gt;";&#10;}&#10;&#10;html_text += "&lt;p style=\"color:#5F5F5F\"&gt;________________________________________________________________________________&lt;/p&gt;";&#10;html_text += "&lt;p style=\"font-size:12pt;font-family:&amp;quot;Segoe UI&amp;quot;,sans-serif;color:#252424\"&gt;&lt;strong&gt;Звонок в WebSoft WorkSpace&lt;/strong&gt;&lt;/p&gt;&lt;/br&gt;";&#10;html_text += "&lt;a href=\""+ global_settings.settings.portal_base_url + "/vchat/" + teEvent.object_type + "/"+ teEvent.object_id + "/call/" + teEvent.id.Value +"\" target=\"_blank\" rel=\" noopener noreferrer\"  style=\"font-size:12pt;font-family:&amp;quot;Segoe UI&amp;quot;,sans-serif;color:#0066CC\"&gt;Щелкните здесь, чтобы присоединиться к звонку&lt;/a&gt;";&#10;html_text += "&lt;p&gt;&lt;span style=\"font-size:12pt;font-family:&amp;quot;Segoe UI&amp;quot;,sans-serif;color:#252424\" &gt;P.S. Пока работает только на компьютере&lt;/span&gt;&lt;/p&gt;";&#10;html_text += "&lt;p style=\"color:#5F5F5F\"&gt;________________________________________________________________________________&lt;/p&gt;"&#10;&#10;for(participant in teEvent.block_participant.participants)&#10;{&#10;&#9;teParticipantObject = OpenDoc( UrlFromDocID( OptInt( participant.person_id ) ) ).TopElem;&#10;&#9;&#10;&#9;sParticipantEmail += teParticipantObject.fullname +' &lt;'+teParticipantObject.email+'&gt;,';&#10;&#9;sParticipantData += 'ATTENDEE;ROLE=REQ-PARTICIPANT;CN=' + teParticipantObject.lastname + ' ' + teParticipantObject.firstname + ';RSVP=FALSE:mailto:' + teParticipantObject.email + '\r\n';&#10;}&#10;&#10;function cur_date(){&#10;&#9;year_cur = Year(Date())&#10;&#9;if(year_cur &lt; 10)&#10;&#9;{&#10;&#9;&#9;year_cur = '0' + StrInt(year_cur)&#10;&#9;}&#10;&#10;&#9;month_cur = Month(Date())&#10;&#9;if(month_cur &lt; 10)&#10;&#9;{&#10;&#9;&#9;month_cur = '0' + StrInt(month_cur)&#10;&#9;}&#10;&#10;&#9;day_cur = Day(Date())&#10;&#9;if(day_cur &lt; 10)&#10;&#9;{&#10;&#9;&#9;day_cur = '0' + StrInt(day_cur)&#10;&#9;}&#10;&#10;&#9;return (year_cur  + month_cur +day_cur  + 'T' + Hour(Date()) +'' + Minute(Date())  + '00Z')&#10;}&#10;&#10;RSVP_STR='FALSE';&#10;DT_START = START_TIME;&#10;DT_END = END_TIME;&#10;DT_TIME_STAMP = cur_date();&#10;&#10;sMessageBody = '&#10;To: '+sParticipantEmail+' &#10;Subject: '+sSubject+'&#10;MIME-Version: 1.0&#10;Content-Type: multipart/mixed; boundary="=_mixed 004128EAC32576F1_="&#10;X-Spam: Not detected&#10;X-Mras: Ok&#10;X-Mailru-Src: mxpdd&#10;X-Mras: Ok&#10;X-Mailru-Intl-Transport: d,ed4f05e&#10;&#10;This is a multipart message in MIME format.&#10;--=_mixed 004128EAC32576F1_=&#10;Content-Type: multipart/related; boundary="=_related 004128EAC32576F1_="&#10;&#10;--=_related 004128EAC32576F1_=&#10;Content-Type: multipart/alternative; boundary="=_alternative 004128EAC32576F1_="&#10;&#10;--=_alternative 004128EAC32576F1_=&#10;Content-Type: text/plain; charset=utf-8&#10;&#10;'+text+'&#10;&#10;--=_alternative 004128EAC32576F1_=&#10;Content-Type: text/html; charset=utf-8&#10;Content-Disposition: inline&#10;&#10;'+html_text+'&#10;&#10;--=_alternative 004128EAC32576F1_=&#10;Content-Type: text/calendar; method=REQUEST; charset=utf-8;&#10;&#10;BEGIN:VCALENDAR&#10;VERSION:2.0&#10;PRODID:-//WebSoft LTD//WebSoft 2//EN&#10;METHOD:REQUEST&#10;&#10;BEGIN:VTIMEZONE&#10;TZID:Europe/Moscow&#10;TZURL:https://www.tzurl.org/zoneinfo/Europe/Moscow&#10;X-LIC-LOCATION:Europe/Moscow&#10;X-PROLEPTIC-TZNAME:LMT&#10;BEGIN:STANDARD&#10;TZNAME:MMT&#10;TZOFFSETFROM:+023017&#10;TZOFFSETTO:+023017&#10;DTSTART:18800101T000000&#10;END:STANDARD&#10;BEGIN:STANDARD&#10;TZNAME:MMT&#10;TZOFFSETFROM:+023017&#10;TZOFFSETTO:+023119&#10;DTSTART:19160703T000000&#10;END:STANDARD&#10;BEGIN:DAYLIGHT&#10;TZNAME:MST&#10;TZOFFSETFROM:+023119&#10;TZOFFSETTO:+033119&#10;DTSTART:19170701T230000&#10;END:DAYLIGHT&#10;BEGIN:STANDARD&#10;TZNAME:MMT&#10;TZOFFSETFROM:+033119&#10;TZOFFSETTO:+023119&#10;DTSTART:19171228T000000&#10;END:STANDARD&#10;BEGIN:DAYLIGHT&#10;TZNAME:MDST&#10;TZOFFSETFROM:+023119&#10;TZOFFSETTO:+043119&#10;DTSTART:19180531T220000&#10;END:DAYLIGHT&#10;BEGIN:DAYLIGHT&#10;TZNAME:MST&#10;TZOFFSETFROM:+043119&#10;TZOFFSETTO:+033119&#10;DTSTART:19180916T010000&#10;END:DAYLIGHT&#10;BEGIN:DAYLIGHT&#10;TZNAME:MDST&#10;TZOFFSETFROM:+033119&#10;TZOFFSETTO:+043119&#10;DTSTART:19190531T230000&#10;END:DAYLIGHT&#10;BEGIN:DAYLIGHT&#10;TZNAME:MSD&#10;TZOFFSETFROM:+043119&#10;TZOFFSETTO:+0400&#10;DTSTART:19190701T043119&#10;END:DAYLIGHT&#10;BEGIN:STANDARD&#10;TZNAME:MSK&#10;TZOFFSETFROM:+0400&#10;TZOFFSETTO:+0300&#10;DTSTART:19190816T000000&#10;RDATE:19211001T000000&#10;RDATE:20141026T020000&#10;END:STANDARD&#10;BEGIN:DAYLIGHT&#10;TZNAME:MSD&#10;TZOFFSETFROM:+0300&#10;TZOFFSETTO:+0400&#10;DTSTART:19210214T230000&#10;END:DAYLIGHT&#10;BEGIN:DAYLIGHT&#10;TZNAME:+05&#10;TZOFFSETFROM:+0400&#10;TZOFFSETTO:+0500&#10;DTSTART:19210320T230000&#10;END:DAYLIGHT&#10;BEGIN:DAYLIGHT&#10;TZNAME:MSD&#10;TZOFFSETFROM:+0500&#10;TZOFFSETTO:+0400&#10;DTSTART:19210901T000000&#10;END:DAYLIGHT&#10;BEGIN:STANDARD&#10;TZNAME:EET&#10;TZOFFSETFROM:+0300&#10;TZOFFSETTO:+0200&#10;DTSTART:19221001T000000&#10;RDATE:19910929T030000&#10;END:STANDARD&#10;BEGIN:STANDARD&#10;TZNAME:MSK&#10;TZOFFSETFROM:+0200&#10;TZOFFSETTO:+0300&#10;DTSTART:19300621T000000&#10;RDATE:19920119T020000&#10;END:STANDARD&#10;BEGIN:DAYLIGHT&#10;TZNAME:MSD&#10;TZOFFSETFROM:+0300&#10;TZOFFSETTO:+0400&#10;DTSTART:19810401T000000&#10;RRULE:FREQ=YEARLY;UNTIL=19840331T210000Z&#10;END:DAYLIGHT&#10;BEGIN:STANDARD&#10;TZNAME:MSK&#10;TZOFFSETFROM:+0400&#10;TZOFFSETTO:+0300&#10;DTSTART:19811001T000000&#10;RRULE:FREQ=YEARLY;UNTIL=19830930T200000Z&#10;END:STANDARD&#10;BEGIN:STANDARD&#10;TZNAME:MSK&#10;TZOFFSETFROM:+0400&#10;TZOFFSETTO:+0300&#10;DTSTART:19840930T030000&#10;RRULE:FREQ=YEARLY;BYMONTH=9;BYDAY=-1SU;UNTIL=19900929T230000Z&#10;END:STANDARD&#10;BEGIN:DAYLIGHT&#10;TZNAME:MSD&#10;TZOFFSETFROM:+0300&#10;TZOFFSETTO:+0400&#10;DTSTART:19850331T020000&#10;RRULE:FREQ=YEARLY;BYMONTH=3;BYDAY=-1SU;UNTIL=19900324T230000Z&#10;END:DAYLIGHT&#10;BEGIN:DAYLIGHT&#10;TZNAME:EEST&#10;TZOFFSETFROM:+0300&#10;TZOFFSETTO:+0300&#10;DTSTART:19910331T020000&#10;END:DAYLIGHT&#10;BEGIN:DAYLIGHT&#10;TZNAME:MSD&#10;TZOFFSETFROM:+0300&#10;TZOFFSETTO:+0400&#10;DTSTART:19920329T020000&#10;RRULE:FREQ=YEARLY;BYMONTH=3;BYDAY=-1SU;UNTIL=20100327T230000Z&#10;END:DAYLIGHT&#10;BEGIN:STANDARD&#10;TZNAME:MSK&#10;TZOFFSETFROM:+0400&#10;TZOFFSETTO:+0300&#10;DTSTART:19920927T030000&#10;RRULE:FREQ=YEARLY;BYMONTH=9;BYDAY=-1SU;UNTIL=19950923T230000Z&#10;END:STANDARD&#10;BEGIN:STANDARD&#10;TZNAME:MSK&#10;TZOFFSETFROM:+0400&#10;TZOFFSETTO:+0300&#10;DTSTART:19961027T030000&#10;RRULE:FREQ=YEARLY;BYMONTH=10;BYDAY=-1SU;UNTIL=20101030T230000Z&#10;END:STANDARD&#10;BEGIN:STANDARD&#10;TZNAME:MSK&#10;TZOFFSETFROM:+0300&#10;TZOFFSETTO:+0400&#10;DTSTART:20110327T020000&#10;END:STANDARD&#10;END:VTIMEZONE&#10;&#10;BEGIN:VEVENT&#10;DTSTART;TZID=Europe/Moscow:'+DT_TIME_START+'&#10;DTEND;TZID=Europe/Moscow:'+DT_TIME_END+'&#10;DTSTAMP:'+DT_TIME_STAMP+'&#10;CREATED:'+DT_TIME_STAMP+'&#10;TRANSP:OPAQUE&#10;SEQUENCE:0&#10;CLASS:PUBLIC&#10;SUMMARY:'+teEvent.name+'&#10;DESCRIPTION:'+sComment+'&#10;ORGANIZER;CN='+teOrganizerObject.lastname+' '+teOrganizerObject.firstname+' '+teOrganizerObject.middlename+':mailto:'+teOrganizerObject.email+'\n&#10;'+sParticipantData+'&#10;UID:'+UID+'-WebSoft_Generated&#10;LOCATION:&#10;&#10;BEGIN:VALARM&#10;TRIGGER:-P1D&#10;DURATION:PT15M&#10;ACTION:DISPLAY&#10;X-WR-ALARMUID:'+UID+'&#10;END:VALARM&#10;END:VEVENT&#10;END:VCALENDAR&#10;&#10;--=_alternative 004128EAC32576F1_=--&#10;--=_related 004128EAC32576F1_=&#10;&#10;--=_related 004128EAC32576F1_=--&#10;--=_mixed 004128EAC32576F1_=&#10;Content-Type: text/calendar; method=REQUEST; charset=utf-8; name="c766867.ics"&#10;Content-Disposition: attachment; filename="c766867.ics"&#10;&#10;BEGIN:VCALENDAR&#10;VERSION:2.0&#10;CALSCALE:GREGORIAN&#10;PRODID:-//WebSoft LTD//WebSoft 2//EN&#10;X-WR-CALNAME:Test Long Description&#10;METHOD:REQUEST&#10;&#10;BEGIN:VTIMEZONE&#10;TZID:Europe/Moscow&#10;TZURL:https://www.tzurl.org/zoneinfo/Europe/Moscow&#10;X-LIC-LOCATION:Europe/Moscow&#10;X-PROLEPTIC-TZNAME:LMT&#10;BEGIN:STANDARD&#10;TZNAME:MMT&#10;TZOFFSETFROM:+023017&#10;TZOFFSETTO:+023017&#10;DTSTART:18800101T000000&#10;END:STANDARD&#10;BEGIN:STANDARD&#10;TZNAME:MMT&#10;TZOFFSETFROM:+023017&#10;TZOFFSETTO:+023119&#10;DTSTART:19160703T000000&#10;END:STANDARD&#10;BEGIN:DAYLIGHT&#10;TZNAME:MST&#10;TZOFFSETFROM:+023119&#10;TZOFFSETTO:+033119&#10;DTSTART:19170701T230000&#10;END:DAYLIGHT&#10;BEGIN:STANDARD&#10;TZNAME:MMT&#10;TZOFFSETFROM:+033119&#10;TZOFFSETTO:+023119&#10;DTSTART:19171228T000000&#10;END:STANDARD&#10;BEGIN:DAYLIGHT&#10;TZNAME:MDST&#10;TZOFFSETFROM:+023119&#10;TZOFFSETTO:+043119&#10;DTSTART:19180531T220000&#10;END:DAYLIGHT&#10;BEGIN:DAYLIGHT&#10;TZNAME:MST&#10;TZOFFSETFROM:+043119&#10;TZOFFSETTO:+033119&#10;DTSTART:19180916T010000&#10;END:DAYLIGHT&#10;BEGIN:DAYLIGHT&#10;TZNAME:MDST&#10;TZOFFSETFROM:+033119&#10;TZOFFSETTO:+043119&#10;DTSTART:19190531T230000&#10;END:DAYLIGHT&#10;BEGIN:DAYLIGHT&#10;TZNAME:MSD&#10;TZOFFSETFROM:+043119&#10;TZOFFSETTO:+0400&#10;DTSTART:19190701T043119&#10;END:DAYLIGHT&#10;BEGIN:STANDARD&#10;TZNAME:MSK&#10;TZOFFSETFROM:+0400&#10;TZOFFSETTO:+0300&#10;DTSTART:19190816T000000&#10;RDATE:19211001T000000&#10;RDATE:20141026T020000&#10;END:STANDARD&#10;BEGIN:DAYLIGHT&#10;TZNAME:MSD&#10;TZOFFSETFROM:+0300&#10;TZOFFSETTO:+0400&#10;DTSTART:19210214T230000&#10;END:DAYLIGHT&#10;BEGIN:DAYLIGHT&#10;TZNAME:+05&#10;TZOFFSETFROM:+0400&#10;TZOFFSETTO:+0500&#10;DTSTART:19210320T230000&#10;END:DAYLIGHT&#10;BEGIN:DAYLIGHT&#10;TZNAME:MSD&#10;TZOFFSETFROM:+0500&#10;TZOFFSETTO:+0400&#10;DTSTART:19210901T000000&#10;END:DAYLIGHT&#10;BEGIN:STANDARD&#10;TZNAME:EET&#10;TZOFFSETFROM:+0300&#10;TZOFFSETTO:+0200&#10;DTSTART:19221001T000000&#10;RDATE:19910929T030000&#10;END:STANDARD&#10;BEGIN:STANDARD&#10;TZNAME:MSK&#10;TZOFFSETFROM:+0200&#10;TZOFFSETTO:+0300&#10;DTSTART:19300621T000000&#10;RDATE:19920119T020000&#10;END:STANDARD&#10;BEGIN:DAYLIGHT&#10;TZNAME:MSD&#10;TZOFFSETFROM:+0300&#10;TZOFFSETTO:+0400&#10;DTSTART:19810401T000000&#10;RRULE:FREQ=YEARLY;UNTIL=19840331T210000Z&#10;END:DAYLIGHT&#10;BEGIN:STANDARD&#10;TZNAME:MSK&#10;TZOFFSETFROM:+0400&#10;TZOFFSETTO:+0300&#10;DTSTART:19811001T000000&#10;RRULE:FREQ=YEARLY;UNTIL=19830930T200000Z&#10;END:STANDARD&#10;BEGIN:STANDARD&#10;TZNAME:MSK&#10;TZOFFSETFROM:+0400&#10;TZOFFSETTO:+0300&#10;DTSTART:19840930T030000&#10;RRULE:FREQ=YEARLY;BYMONTH=9;BYDAY=-1SU;UNTIL=19900929T230000Z&#10;END:STANDARD&#10;BEGIN:DAYLIGHT&#10;TZNAME:MSD&#10;TZOFFSETFROM:+0300&#10;TZOFFSETTO:+0400&#10;DTSTART:19850331T020000&#10;RRULE:FREQ=YEARLY;BYMONTH=3;BYDAY=-1SU;UNTIL=19900324T230000Z&#10;END:DAYLIGHT&#10;BEGIN:DAYLIGHT&#10;TZNAME:EEST&#10;TZOFFSETFROM:+0300&#10;TZOFFSETTO:+0300&#10;DTSTART:19910331T020000&#10;END:DAYLIGHT&#10;BEGIN:DAYLIGHT&#10;TZNAME:MSD&#10;TZOFFSETFROM:+0300&#10;TZOFFSETTO:+0400&#10;DTSTART:19920329T020000&#10;RRULE:FREQ=YEARLY;BYMONTH=3;BYDAY=-1SU;UNTIL=20100327T230000Z&#10;END:DAYLIGHT&#10;BEGIN:STANDARD&#10;TZNAME:MSK&#10;TZOFFSETFROM:+0400&#10;TZOFFSETTO:+0300&#10;DTSTART:19920927T030000&#10;RRULE:FREQ=YEARLY;BYMONTH=9;BYDAY=-1SU;UNTIL=19950923T230000Z&#10;END:STANDARD&#10;BEGIN:STANDARD&#10;TZNAME:MSK&#10;TZOFFSETFROM:+0400&#10;TZOFFSETTO:+0300&#10;DTSTART:19961027T030000&#10;RRULE:FREQ=YEARLY;BYMONTH=10;BYDAY=-1SU;UNTIL=20101030T230000Z&#10;END:STANDARD&#10;BEGIN:STANDARD&#10;TZNAME:MSK&#10;TZOFFSETFROM:+0300&#10;TZOFFSETTO:+0400&#10;DTSTART:20110327T020000&#10;END:STANDARD&#10;END:VTIMEZONE&#10;&#10;BEGIN:VEVENT&#10;SUMMARY:'+teEvent.name+'&#10;DESCRIPTION:'+sComment+'&#10;DTSTART;TZID=Europe/Moscow:'+DT_TIME_START+'&#10;DTEND;TZID=Europe/Moscow:'+DT_TIME_END+'&#10;DTSTAMP:'+DT_TIME_STAMP+'&#10;CREATED:'+DT_TIME_STAMP+'&#10;SEQUENCE:1001&#10;ORGANIZER;CN='+teOrganizerObject.lastname+' '+teOrganizerObject.firstname+' '+teOrganizerObject.middlename+':mailto:'+teOrganizerObject.email+'\n&#10;'+sParticipantData+'&#10;&#10;UID:'+UID+'-WebSoft_Generated&#10;URL:&#10;END:VEVENT&#10;END:VCALENDAR&#10;&#10;--=_mixed 004128EAC32576F1_=--&#10;'&#10;%&gt;&#10;&lt;%if ( bCanceled == true )&#10;{%&gt;&#10;Мероприятие "&lt;%=teEvent.name%&gt;" было отменено организатором &lt;%=teOrganizerObject.fullname%&gt;&#10;&lt;%}&#10;else&#10;{%&gt;&#10;&lt;%=sMessageBody%&gt;&#10;&lt;%}%&gt;</body>
			<body_type>plane</body_type>
			<is_std>true</is_std>
			<changed>true</changed>
			<doc_info>
				<creation>
					<user_login>user1</user_login>
					<user_id>6148914691236517121</user_id>
					<date>2024-03-14T13:09:26Z</date>
				</creation>
				<modification>
					<user_login>user1</user_login>
					<user_id>6148914691236517121</user_id>
					<date>2024-03-15T11:19:25Z</date>
				</modification>
			</doc_info>
		</notification_template>
	</notification_templates>
</data>
