﻿<?xml version="1.0" encoding="utf-8"?>
<data>
	<basic>
		<id>15q83rqb58</id>
		<create_date>2022-04-18T12:28:46+00:00</create_date>
		<server_version>2022.2.1.395 (2022-04-04)</server_version>
	</basic>
	<remote_collections>
		<remote_collection>
			<id>0x624EE39B47FC7857</id>
			<code>GetRepositoriumsFiles</code>
			<name>Мои файлы / Перечень файлов в репозитории</name>
			<cache_vars>{"iRepositoriumID":{"name":"iRepositoriumID","type":"foreign_elem","silent":false},"sRepositoriumID":{"name":"sRepositoriumID","value":"","type":"string","silent":false}}</cache_vars>
			<exec_code>
				<code_url>/library/GetRepositoriumsFiles.bs</code_url>
			</exec_code>
			<url>/library/GetRepositoriumsFiles.bs</url>
			<catalog_name>repositorium</catalog_name>
			<wvars>
				<wvar>
					<name>iRepositoriumID</name>
					<type>foreign_elem</type>
					<catalog>repositorium</catalog>
					<description>ID репозитория</description>
					<silent>0</silent>
					<position>1</position>
				</wvar>
				<wvar>
					<name>sRepositoriumID</name>
					<parent_wvar_name>iRepositoriumID</parent_wvar_name>
					<type>string</type>
					<description>ID репозитория</description>
					<silent>0</silent>
					<position>1</position>
				</wvar>
			</wvars>
			<result_fields>
				<result_field>
					<id>ja7w3o</id>
					<name>id</name>
					<type>integer</type>
					<title>ID</title>
				</result_field>
				<result_field>
					<id>ygqh9s</id>
					<name>name</name>
					<type>string</type>
					<title>Название</title>
				</result_field>
				<result_field>
					<id>12kuyc</id>
					<name>type_name</name>
					<type>string</type>
					<title>Тип</title>
				</result_field>
				<result_field>
					<id>r5iina</id>
					<name>size</name>
					<type>string</type>
					<title>Размер</title>
				</result_field>
				<result_field>
					<id>ygdvq9</id>
					<name>creation_date</name>
					<type>string</type>
					<title>Дата создания</title>
				</result_field>
			</result_fields>
			<constructor>
				<use>0</use>
			</constructor>
			<access>
				<access_level>0</access_level>
			</access>
			<is_std>0</is_std>
			<changed>0</changed>
			<doc_info>
				<creation>
					<user_login>user1</user_login>
					<user_id>0x5555555555555501</user_id>
					<date>2022-04-13T10:52:43+00:00</date>
				</creation>
				<modification>
					<user_login>user1</user_login>
					<user_id>0x5555555555555501</user_id>
					<date>2022-04-18T12:27:04+00:00</date>
				</modification>
			</doc_info>
		</remote_collection>
	</remote_collections>
</data>
