﻿<?xml version="1.0" encoding="utf-8"?>
<data>
	<basic>
		<id>jgz8cwp9sn</id>
		<create_date>2022-12-08T19:20:31+00:00</create_date>
		<server_version>2022.3.3.536 (2022-11-16)</server_version>
	</basic>
	<remote_actions>
		<remote_action>
			<id>0x63773FCD6CFE7AD4</id>
			<code>DeleteChat</code>
			<name>Удалить чат / Система / Чат-боты</name>
			<type>eval</type>
			<cache_vars>{}</cache_vars>
			<catalog_name>chat</catalog_name>
			<link_name>chat</link_name>
			<show_in_list>1</show_in_list>
			<show_in_form>1</show_in_form>
			<exec_code>
				<code_url>x-local://wtv/remote_actions/DeleteChat.bs</code_url>
			</exec_code>
			<url>x-local://wtv/remote_actions/DeleteChat.bs</url>
			<default_disp_evaluate>0</default_disp_evaluate>
			<access>
				<access_level>0</access_level>
			</access>
			<is_std>0</is_std>
			<changed>0</changed>
			<doc_info>
				<creation>
					<user_login>user1</user_login>
					<user_id>0x5555555555555501</user_id>
					<date>2022-12-08T16:32:06+00:00</date>
				</creation>
				<modification>
					<user_login>user1</user_login>
					<user_id>0x5555555555555501</user_id>
					<date>2022-12-08T16:32:06+00:00</date>
				</modification>
			</doc_info>
		</remote_action>
	</remote_actions>
</data>
