﻿<?xml version="1.0" encoding="utf-8"?>
<data>
	<basic>
		<id>jaifckeaw2</id>
		<create_date>2024-02-27T15:15:09+00:00</create_date>
		<server_version>2023.2.845 (2024-02-20)</server_version>
	</basic>
	<remote_actions>
		<remote_action>
			<id>0x618BD9724D895A3C</id>
			<code>ChangeEventCollaborators</code>
			<name>Изменить участников мероприятия</name>
			<type>eval</type>
			<cache_vars>{"action":{"name":"action","value":"","type":"combo","xquery_qual":"","title":"","silent":false,"required":false},"status_event":{"name":"status_event","value":false,"type":"bool","xquery_qual":"","title":"","silent":false,"required":false},"send_notification":{"name":"send_notification","value":false,"type":"bool","xquery_qual":"","title":"","silent":false,"required":false},"add_type_notification":{"name":"add_type_notification","type":"foreign_elem","xquery_qual":"","title":"","silent":false,"required":false},"exclude_type_notification":{"name":"exclude_type_notification","type":"foreign_elem","xquery_qual":"","title":"","silent":false,"required":false},"text_notification":{"name":"text_notification","value":false,"type":"bool","xquery_qual":"","title":"","silent":false,"required":false},"show_all_collaborators":{"name":"show_all_collaborators","value":false,"type":"bool","xquery_qual":"","title":"","silent":false,"required":false},"send_notification_boss":{"name":"send_notification_boss","value":false,"type":"bool","xquery_qual":"","title":"","silent":false,"required":false},"add_type_notification_boss":{"name":"add_type_notification_boss","value":7000184833586363661,"type":"foreign_elem","xquery_qual":"","title":"Уведомление руководителю о том, что подчиненный сотрудник был включен в состав участников мероприятия","silent":false,"required":false}}</cache_vars>
			<catalog_name>event</catalog_name>
			<link_name>event</link_name>
			<show_in_list>true</show_in_list>
			<show_in_form>true</show_in_form>
			<exec_code>
				<code_url>library/ChangeEventCollaborators.bs</code_url>
			</exec_code>
			<url>library/ChangeEventCollaborators.bs</url>
			<default_disp_evaluate>false</default_disp_evaluate>
			<wvars>
				<wvar>
					<name>action</name>
					<type>combo</type>
					<entries>
						<entry>
							<id>add</id>
							<name>Добавить</name>
						</entry>
						<entry>
							<id>replace</id>
							<name>Заменить</name>
						</entry>
						<entry>
							<id>edit</id>
							<name>Редактировать</name>
						</entry>
						<entry>
							<id>admin</id>
							<name>Выбор администратора</name>
						</entry>
					</entries>
					<description>Действие</description>
					<silent>false</silent>
					<position>1</position>
					<required>false</required>
				</wvar>
				<wvar>
					<name>status_event</name>
					<type>bool</type>
					<description>Обрабатывать только будущие (планируется или проект)</description>
					<silent>false</silent>
					<position>2</position>
					<required>false</required>
				</wvar>
				<wvar>
					<name>send_notification</name>
					<type>bool</type>
					<description>Включает/выключает отправку уведомления сотрудникам, включенным в состав участников</description>
					<silent>false</silent>
					<position>3</position>
					<required>false</required>
				</wvar>
				<wvar>
					<name>add_type_notification</name>
					<parent_wvar_name>send_notification</parent_wvar_name>
					<type>foreign_elem</type>
					<catalog>notification</catalog>
					<description>Кастомный тип уведомлений о включении в состав участников</description>
					<silent>false</silent>
					<position>1</position>
					<required>false</required>
				</wvar>
				<wvar>
					<name>exclude_type_notification</name>
					<parent_wvar_name>send_notification</parent_wvar_name>
					<type>foreign_elem</type>
					<catalog>notification</catalog>
					<description>Кастомный тип уведомлений об исключении из состава участников</description>
					<silent>false</silent>
					<position>2</position>
					<required>false</required>
				</wvar>
				<wvar>
					<name>text_notification</name>
					<parent_wvar_name>send_notification</parent_wvar_name>
					<type>bool</type>
					<description>Включает/выключает возможность добавить свой текст к уведомлению</description>
					<silent>false</silent>
					<position>3</position>
					<required>false</required>
				</wvar>
				<wvar>
					<name>show_all_collaborators</name>
					<type>bool</type>
					<description>Отображать для выбора всех сотрудников (иначе только подчиненные)</description>
					<silent>false</silent>
					<position>4</position>
					<required>false</required>
				</wvar>
				<wvar>
					<name>send_notification_boss</name>
					<type>bool</type>
					<description>Отправлять уведомление руководителю?</description>
					<silent>false</silent>
					<position>4</position>
					<required>false</required>
				</wvar>
				<wvar>
					<name>add_type_notification_boss</name>
					<parent_wvar_name>send_notification_boss</parent_wvar_name>
					<value>7000184833586363661</value>
					<type>foreign_elem</type>
					<catalog>notification</catalog>
					<description>Кастомный тип уведомлений для руководителя об добавлении подчиненного в состав участников мероприятия</description>
					<silent>false</silent>
					<position>1</position>
					<required>false</required>
				</wvar>
			</wvars>
			<access>
				<access_level>0</access_level>
			</access>
			<is_std>true</is_std>
			<changed>true</changed>
			<doc_info>
				<creation>
					<user_login>user1</user_login>
					<user_id>6148914691236517121</user_id>
					<date>2024-02-20T10:42:07Z</date>
				</creation>
				<modification>
					<user_login>user1</user_login>
					<user_id>6148914691236517121</user_id>
					<date>2024-02-27T15:14:45Z</date>
				</modification>
			</doc_info>
		</remote_action>
	</remote_actions>
</data>
