﻿<?xml version="1.0" encoding="utf-8"?>
<data>
	<basic>
		<id>hp2rpyfsl2</id>
		<create_date>2022-11-07T17:00:42+00:00</create_date>
		<server_version>2022.2.3.448 (2022-07-08)</server_version>
	</basic>
	<custom_admin_templates>
		<custom_admin_template>
			<id>0x630F21C54DD83DA8</id>
			<code>app_working_condition_std</code>
			<name>Карточка условий работы(труда)</name>
			<form_name>app_working_condition_std</form_name>
			<exec_code>
				<code_url>x-local://wtv/ui_forms/app_working_condition_std.xms</code_url>
			</exec_code>
			<doc_info>
				<creation>
					<user_login>user1</user_login>
					<user_id>0x5555555555555501</user_id>
					<date>2022-11-03T15:03:21+00:00</date>
				</creation>
				<modification>
					<user_login>user1</user_login>
					<user_id>0x5555555555555501</user_id>
					<date>2022-11-03T15:03:21+00:00</date>
				</modification>
			</doc_info>
			<changed>0</changed>
			<is_std>0</is_std>
		</custom_admin_template>
		<custom_admin_template>
			<id>0x630F21C54DD83DAB</id>
			<code>app_working_condition_type_std</code>
			<name>Карточка типа условий работы(труда)</name>
			<form_name>app_working_condition_type_std</form_name>
			<exec_code>
				<code_url>x-local://wtv/ui_forms/app_working_condition_type_std.xms</code_url>
			</exec_code>
			<doc_info>
				<creation>
					<user_login>user1</user_login>
					<user_id>0x5555555555555501</user_id>
					<date>2022-11-07T13:29:42+00:00</date>
				</creation>
				<modification>
					<user_login>user1</user_login>
					<user_id>0x5555555555555501</user_id>
					<date>2022-11-07T13:29:42+00:00</date>
				</modification>
			</doc_info>
			<changed>0</changed>
			<is_std>0</is_std>
		</custom_admin_template>
		<custom_admin_template>
			<id>0x630F21C54DD83DAC</id>
			<code>app_salary_payment_type_std</code>
			<name>Тип графика выплаты зарплаты</name>
			<form_name>app_salary_payment_type_std</form_name>
			<exec_code>
				<code_url>x-local://wtv/ui_forms/app_salary_payment_type_std.xms</code_url>
			</exec_code>
			<doc_info>
				<creation>
					<user_login>user1</user_login>
					<user_id>0x5555555555555501</user_id>
					<date>2022-11-07T15:48:06+00:00</date>
				</creation>
				<modification>
					<user_login>user1</user_login>
					<user_id>0x5555555555555501</user_id>
					<date>2022-11-07T15:48:06+00:00</date>
				</modification>
			</doc_info>
			<changed>0</changed>
			<is_std>0</is_std>
		</custom_admin_template>
		<custom_admin_template>
			<id>0x630F21C54DD83DAD</id>
			<code>app_work_schedule_type_std</code>
			<name>Тип графика работы</name>
			<form_name>app_work_schedule_type_std</form_name>
			<exec_code>
				<code_url>x-local://wtv/ui_forms/app_work_schedule_type_std.xms</code_url>
			</exec_code>
			<doc_info>
				<creation>
					<user_login>user1</user_login>
					<user_id>0x5555555555555501</user_id>
					<date>2022-11-07T16:34:15+00:00</date>
				</creation>
				<modification>
					<user_login>user1</user_login>
					<user_id>0x5555555555555501</user_id>
					<date>2022-11-07T16:34:15+00:00</date>
				</modification>
			</doc_info>
			<changed>0</changed>
			<is_std>0</is_std>
		</custom_admin_template>
		<custom_admin_template>
			<id>0x630F21C54DD83DAE</id>
			<code>app_work_form_std</code>
			<name>Формы работы</name>
			<form_name>app_work_form_std</form_name>
			<exec_code>
				<code_url>x-local://wtv/ui_forms/app_work_form_std.xms</code_url>
			</exec_code>
			<doc_info>
				<creation>
					<user_login>user1</user_login>
					<user_id>0x5555555555555501</user_id>
					<date>2022-11-07T16:59:26+00:00</date>
				</creation>
				<modification>
					<user_login>user1</user_login>
					<user_id>0x5555555555555501</user_id>
					<date>2022-11-07T16:59:26+00:00</date>
				</modification>
			</doc_info>
			<changed>0</changed>
			<is_std>0</is_std>
		</custom_admin_template>
	</custom_admin_templates>
</data>
