﻿<?xml version="1.0" encoding="utf-8"?>
<data>
	<basic>
		<id>zy4v6tfdwy</id>
		<create_date>2024-03-05T16:41:41+00:00</create_date>
		<server_version>2023.2.845 (2024-02-20)</server_version>
	</basic>
	<remote_collections>
		<remote_collection>
			<id>0x5F58DE725369100B</id>
			<code>GetPolls</code>
			<name>Список опросов портала</name>
			<cache_vars>{"iMaxCount":{"name":"iMaxCount","type":"integer","xquery_qual":"","title":"","silent":false,"required":false},"bMainPollOnly":{"name":"bMainPollOnly","value":false,"type":"bool","xquery_qual":"","title":"","silent":false,"required":false},"bCurrentByDate":{"name":"bCurrentByDate","value":true,"type":"bool","xquery_qual":"","title":"","silent":false,"required":false},"sSearch":{"name":"sSearch","value":"","type":"string","xquery_qual":"","title":"","silent":false,"required":false},"iRoleID":{"name":"iRoleID","value":[],"type":"foreign_elem","xquery_qual":"","title":"","silent":false,"required":false},"bCheckAccess":{"name":"bCheckAccess","value":false,"type":"bool","xquery_qual":"","title":"","silent":false,"required":false},"sApplication":{"name":"sApplication","value":"","type":"string","xquery_qual":"","title":"","silent":false,"required":false}}</cache_vars>
			<exec_code>
				<code_url>library/GetPolls.bs</code_url>
			</exec_code>
			<url>library/GetPolls.bs</url>
			<wvars>
				<wvar>
					<name>iMaxCount</name>
					<type>integer</type>
					<description>Максимальное количество записей</description>
					<silent>false</silent>
					<position>2</position>
					<required>false</required>
				</wvar>
				<wvar>
					<name>bMainPollOnly</name>
					<type>bool</type>
					<description>Только основные опросы</description>
					<silent>false</silent>
					<position>3</position>
					<required>false</required>
				</wvar>
				<wvar>
					<name>bCurrentByDate</name>
					<value>1</value>
					<type>bool</type>
					<description>Отбор опросов, в период проведения которых входит текущая дата</description>
					<silent>false</silent>
					<position>4</position>
					<required>false</required>
				</wvar>
				<wvar>
					<name>sSearch</name>
					<type>string</type>
					<description>Строка для поиска</description>
					<silent>false</silent>
					<position>5</position>
					<required>false</required>
				</wvar>
				<wvar>
					<name>iRoleID</name>
					<value>[]</value>
					<type>foreign_elem</type>
					<catalog>role</catalog>
					<description>Категория опросов</description>
					<silent>false</silent>
					<position>6</position>
					<required>false</required>
				</wvar>
				<wvar>
					<name>bCheckAccess</name>
					<type>bool</type>
					<description>Проверять права доступа</description>
					<silent>false</silent>
					<position>7</position>
					<required>false</required>
				</wvar>
				<wvar>
					<name>sApplication</name>
					<type>string</type>
					<silent>false</silent>
					<position>1</position>
					<required>false</required>
				</wvar>
			</wvars>
			<result_fields>
				<result_field>
					<id>yscg22</id>
					<name>id</name>
					<type>integer</type>
					<title>i18n.t( 'id' )</title>
					<for_analytics>false</for_analytics>
					<for_analytics_aggregation>false</for_analytics_aggregation>
					<prohibit_sort>false</prohibit_sort>
				</result_field>
				<result_field>
					<id>uk4m07</id>
					<name>code</name>
					<type>string</type>
					<title>i18n.t( 'kod' )</title>
					<for_analytics>false</for_analytics>
					<for_analytics_aggregation>false</for_analytics_aggregation>
					<prohibit_sort>false</prohibit_sort>
				</result_field>
				<result_field>
					<id>bf7m3c</id>
					<name>name</name>
					<type>string</type>
					<title>i18n.t( 'nazvanie' )</title>
					<for_analytics>false</for_analytics>
					<for_analytics_aggregation>false</for_analytics_aggregation>
					<prohibit_sort>false</prohibit_sort>
				</result_field>
				<result_field>
					<id>m5suyh</id>
					<name>completed</name>
					<type>string</type>
					<title>i18n.t( 'completed' )</title>
					<for_analytics>false</for_analytics>
					<for_analytics_aggregation>false</for_analytics_aggregation>
					<prohibit_sort>false</prohibit_sort>
				</result_field>
				<result_field>
					<id>kg8xj2</id>
					<name>start_date</name>
					<type>string</type>
					<title>i18n.t( 'data_nachala' )</title>
					<for_analytics>false</for_analytics>
					<for_analytics_aggregation>false</for_analytics_aggregation>
					<prohibit_sort>false</prohibit_sort>
				</result_field>
				<result_field>
					<id>g5gpdi</id>
					<name>end_date</name>
					<type>string</type>
					<title>i18n.t( 'data_zaversheniya' )</title>
					<for_analytics>false</for_analytics>
					<for_analytics_aggregation>false</for_analytics_aggregation>
					<prohibit_sort>false</prohibit_sort>
				</result_field>
				<result_field>
					<id>xfcca8</id>
					<name>image</name>
					<type>string</type>
					<title>i18n.t( 'kartinka' )</title>
					<for_analytics>false</for_analytics>
					<for_analytics_aggregation>false</for_analytics_aggregation>
					<prohibit_sort>false</prohibit_sort>
				</result_field>
				<result_field>
					<id>wcmigh</id>
					<name>link</name>
					<type>string</type>
					<title>i18n.t( 'ssylka' )</title>
					<for_analytics>false</for_analytics>
					<for_analytics_aggregation>false</for_analytics_aggregation>
					<prohibit_sort>false</prohibit_sort>
				</result_field>
			</result_fields>
			<api_ver>0</api_ver>
			<api_search>
				<has_fulltext>true</has_fulltext>
			</api_search>
			<ready_to_analytics>false</ready_to_analytics>
			<constructor>
				<use>false</use>
			</constructor>
			<access>
				<access_level>0</access_level>
			</access>
			<i18n_param>
				<load_path>x-local://i18n/new_portal/web_mode/home_std_20203/remote_collection/GetPolls</load_path>
				<code>home_std_20203/remote_collection/GetPolls</code>
			</i18n_param>
			<is_std>true</is_std>
			<changed>true</changed>
			<doc_info>
				<creation>
					<user_login>user1</user_login>
					<user_id>6148914691236517121</user_id>
					<date>2024-02-20T06:56:10Z</date>
				</creation>
				<modification>
					<user_login>user1</user_login>
					<user_id>6148914691236517121</user_id>
					<date>2024-03-05T16:31:49Z</date>
				</modification>
			</doc_info>
			<role_id>6813971157151062246</role_id>
		</remote_collection>
	</remote_collections>
	<view_configurations>
		<view_configuration>
			<id>0x6214A0AF0BE4E7C0</id>
			<name>Каталог опросов</name>
			<catalog_name>poll</catalog_name>
			<is_hier>false</is_hier>
			<disp_dlg_new_button>false</disp_dlg_new_button>
			<sort_field>t</sort_field>
			<disp_second_new_button>false</disp_second_new_button>
			<no_doc>false</no_doc>
			<disp_new_button>false</disp_new_button>
			<disp_role_selector>true</disp_role_selector>
			<columns>
				<column>
					<name>code</name>
					<type>string</type>
					<const>Код</const>
					<order>code</order>
					<sort_field>t</sort_field>
					<is_default>true</is_default>
					<is_link>false</is_link>
					<prohibit_sort>false</prohibit_sort>
				</column>
				<column>
					<name>name</name>
					<type>string</type>
					<const>Название</const>
					<order>name</order>
					<sort_field>t</sort_field>
					<is_default>true</is_default>
					<is_link>false</is_link>
					<prohibit_sort>false</prohibit_sort>
				</column>
				<column>
					<name>completed</name>
					<type>string</type>
					<const>Опрос завершен</const>
					<order>status</order>
					<sort_field>t</sort_field>
					<is_default>true</is_default>
					<is_link>false</is_link>
					<prohibit_sort>false</prohibit_sort>
				</column>
				<column>
					<name>start_date</name>
					<type>string</type>
					<const>Дата начала</const>
					<order>start_date</order>
					<sort_field>t</sort_field>
					<is_default>true</is_default>
					<is_link>false</is_link>
					<prohibit_sort>false</prohibit_sort>
				</column>
				<column>
					<name>end_date</name>
					<type>string</type>
					<const>Дата завершения</const>
					<order>end_date</order>
					<sort_field>t</sort_field>
					<is_default>true</is_default>
					<is_link>false</is_link>
					<prohibit_sort>false</prohibit_sort>
				</column>
			</columns>
			<link_name>poll</link_name>
			<disp_column_selector>false</disp_column_selector>
			<disp_preview_button>true</disp_preview_button>
			<preview_custom_admin_template_id>7069759119511322300</preview_custom_admin_template_id>
			<display_roles>true</display_roles>
			<can_create_roles>true</can_create_roles>
			<can_edit_preview>true</can_edit_preview>
			<disp_link_views>false</disp_link_views>
			<disp_search>true</disp_search>
			<disp_filter>true</disp_filter>
			<disp_list_menu>true</disp_list_menu>
			<disp_std_menu>false</disp_std_menu>
			<use_ext_menu>false</use_ext_menu>
			<can_open_doc>false</can_open_doc>
			<can_delete_doc>false</can_delete_doc>
			<custom_is_dlg>false</custom_is_dlg>
			<remote_collection_mode>full_design</remote_collection_mode>
			<remote_collection_id>6870485814160723979</remote_collection_id>
			<wvars>
				<wvar>
					<name>iMaxCount</name>
					<type>integer</type>
					<description>Максимальное количество записей</description>
					<silent>false</silent>
					<position>2</position>
					<required>false</required>
				</wvar>
				<wvar>
					<name>bMainPollOnly</name>
					<type>bool</type>
					<description>Только основные опросы</description>
					<silent>false</silent>
					<position>3</position>
					<required>false</required>
				</wvar>
				<wvar>
					<name>bCurrentByDate</name>
					<value>1</value>
					<type>bool</type>
					<description>Отбор опросов, в период проведения которых входит текущая дата</description>
					<silent>false</silent>
					<position>4</position>
					<required>false</required>
				</wvar>
				<wvar>
					<name>sSearch</name>
					<type>string</type>
					<description>Строка для поиска</description>
					<silent>false</silent>
					<position>5</position>
					<required>false</required>
				</wvar>
				<wvar>
					<name>iRoleID</name>
					<value>[]</value>
					<type>foreign_elem</type>
					<catalog>role</catalog>
					<description>Категория опросов</description>
					<silent>false</silent>
					<position>6</position>
					<required>false</required>
				</wvar>
				<wvar>
					<name>bCheckAccess</name>
					<type>bool</type>
					<description>Проверять права доступа</description>
					<silent>false</silent>
					<position>7</position>
					<required>false</required>
				</wvar>
				<wvar>
					<name>sApplication</name>
					<value>websoft_polls</value>
					<type>string</type>
					<silent>false</silent>
					<position>1</position>
					<required>false</required>
				</wvar>
			</wvars>
			<is_std>true</is_std>
			<changed>true</changed>
			<role_id>7078235933014823541</role_id>
			<doc_info>
				<creation>
					<user_login>user1</user_login>
					<user_id>6148914691236517121</user_id>
					<date>2024-03-05T14:21:08Z</date>
				</creation>
				<modification>
					<user_login>user1</user_login>
					<user_id>6148914691236517121</user_id>
					<date>2024-03-05T16:32:06Z</date>
				</modification>
			</doc_info>
		</view_configuration>
	</view_configurations>
</data>
