﻿<?xml version="1.0" encoding="utf-8"?>
<SPXML-INLINE-FORM>

<USE FORM="//wtv/wtv_general.xmd"/>

<view_course_report>
	
	<report_name TYPE="string" DEFAULT="course_report"/>
	<is_minimized TYPE="bool" DEFAULT="false"/>
	<export_type TYPE="string" NOT-NULL="1" DEFAULT="xlsx" TEMP="1"/>

	<param_panel_open TYPE="bool" NOT-NULL="1" DEFAULT="true"/>
	<param_additional_panel_open TYPE="bool" NOT-NULL="1" DEFAULT="false"/>

	<disp_learning_prog TYPE="bool" NOT-NULL="1" DEFAULT="false"/>
	<course_id TYPE="integer" FOREIGN-ARRAY="courses"/>

	<person_id TYPE="integer" FOREIGN-ARRAY="collaborators"/>
	<group_id TYPE="integer" FOREIGN-ARRAY="groups"/>
	<parent_object_id TYPE="integer" FOREIGN-ARRAY="subdivisions"/>
	<org_id TYPE="integer" FOREIGN-ARRAY="orgs"/>
	<hier_sub_select TYPE="bool" NOT-NULL="1" DEFAULT="true"/>
	
	<disp_person_list_staff TYPE="bool" NOT-NULL="1" DEFAULT="false"/>
	<is_report_run TYPE="bool" NOT-NULL="1" DEFAULT="false"/>
	<start_date TYPE="date"/>
	<finish_date TYPE="date"/>
	<disp_learning_type TYPE="string" NOT-NULL="1" DEFAULT="learnings"/>

	<education_program_id TYPE="integer" FOREIGN-ARRAY="education_program"/>
	<excel_file_url TYPE="string"/>
	<disp_excel_file_open TYPE="bool" NOT-NULL="1" DEFAULT="false"/>
	<is_web_client TYPE="bool" NOT-NULL="1" DEFAULT="false"/>
	
	<count_sel TYPE="integer" NOT-NULL="1" DEFAULT="0"/>
	<count_arr TYPE="integer" NOT-NULL="1" DEFAULT="0"/>
	
	<error TYPE="integer" NOT-NULL="1" DEFAULT="0"/>

	<catalog_name TYPE="string"/>
	<view_type TYPE="string"/>
	<view_type_env TYPE="variant"/>
	<INHERIT TYPE="view_columns_base"/>
	
	<data>
		<INHERIT TYPE="table_data_base"/>
	</data>
	
	<learnings>
		<learning MULTIPLE="1" PRIMARY-KEY="id">
			<id TYPE="integer"/>
			
			<start_usage_date TYPE="date"/>
			<max_end_date TYPE="date"/>
			
			<score TYPE="real"/>
			<state_id TYPE="integer" NOT-NULL="1" DEFAULT="0" FOREIGN-ARRAY="common.learning_states"/>
			
			<max_score TYPE="real"/>
			
			<person_id TYPE="integer" FOREIGN-ARRAY="collaborators"/>
			<person_code TYPE="string"/>
			<person_fullname TYPE="string"/>
			<person_subdivision_name TYPE="string"/>
			<person_position_name TYPE="string"/>
			
			<course_name TYPE="string"/>
		</learning>
	</learnings>
	
	<rows TYPE="variant"/>
	<row_disp_elem TYPE="string" DEFAULT="fullname"/>
	<row_list_field TYPE="string" DEFAULT=".Env.ListElem"/>
	<row_key_field TYPE="string" DEFAULT=".PrimaryKey"/>
	<start_action PROPERTY="1" PARAM="sTypeParam" EXPR="

		rows = QueryCatalogByKeys( 'collaborators', 'id', ArraySelectDistinct( ArrayExtract( Screen.FindItem( 'ViewGrid' ).SelRows, 'Int(Env.ListElem.cs.GetChildByKey(\'id\').t)' ) ) );
		_num = ArrayCount( rows.Object );

		if ( _num &gt; 10 &amp;&amp; ! Screen.MsgBox( ms_tools.get_const( '8rklpbv2ro' ), ms_tools.get_const('c_question'), 'question', 'yes,no,cancel' ) )
			Cancel();

		row_list_field.Clear();
		return _num;
	"/>
	<set_sel_action PROPERTY="1" PARAM="List" PARAM="Screen" EXPR="
		TopElem = Child(0).Parent;
		iSelrowsCount = ArrayCount( List.SelRows );
		TopElem.count_sel = iSelrowsCount;
		Screen.FindItem( 'StatusPanel' ).Update();
	"/>
</view_course_report>


<OnInit PROPERTY="1" EXPR="

	strRowImageUrl = '';
	strViewTypeName = 'course_report';

	curUser = tools.get_cur_user();

	// local_settings.custom_datas.DeleteChildByKey( TopElem.report_name );

	for ( oProperty in tools_report.read_report_settings( TopElem.report_name, TopElem, [] ) )
	{
		if ( ! local_settings.view.remember_last_reports_settings && oProperty.name != 'is_minimized' )
			continue;

		try
		{
			TopElem.Child( oProperty.name ).Value = oProperty.value;
		}
		catch( e )
		{
		}
	}

	if ( global_settings.settings.show_creator_in_reports )
	{
		strViewTypeName = 'course_report_add_columns';
	}

	strRowImageUrl = view_types.GetChildByKey( strViewTypeName ).row_image_url;
	
	TopElem.catalog_name = strViewTypeName;
	TopElem.view_type = strViewTypeName;
	TopElem.AssignElem( view_types.GetChildByKey( TopElem.view_type ) );
	
	ms_tools.init_view( TopElem );
	TopElem.row_image_url=strRowImageUrl
"/>

</SPXML-INLINE-FORM>