﻿<?xml version="1.0" encoding="utf-8"?>
<data>
	<basic>
		<id>ckh1ob1cg1</id>
		<create_date>2022-11-02T14:49:50+00:00</create_date>
		<server_version>2022.2.3.448 (2022-07-08)</server_version>
	</basic>
	<remote_actions>
		<remote_action>
			<id>0x622868B45696F904</id>
			<code>ResourceOpenFull</code>
			<name>Открыть карточку ресурса базы (полная)</name>
			<type>eval</type>
			<cache_vars>{}</cache_vars>
			<catalog_name>resource</catalog_name>
			<link_name>resource</link_name>
			<show_in_list>1</show_in_list>
			<show_in_form>1</show_in_form>
			<exec_code>
				<code_url>x-local://wtv/remote_actions/ResourceOpenFull.bs</code_url>
			</exec_code>
			<url>x-local://wtv/remote_actions/ResourceOpenFull.bs</url>
			<default_disp_evaluate>0</default_disp_evaluate>
			<access>
				<access_level>0</access_level>
			</access>
			<is_std>1</is_std>
			<changed>0</changed>
		</remote_action>
	</remote_actions>
</data>
