﻿<?xml version="1.0" encoding="utf-8"?>
<data>
	<basic>
		<id>mq40hy26vg</id>
		<create_date>2023-03-16T14:49:14+00:00</create_date>
		<server_version>2023.1.595 (2023-02-16)</server_version>
	</basic>
	<custom_admin_templates>
		<custom_admin_template>
			<id>0x6396A13616611BE0</id>
			<code>app_profile_std</code>
			<name>dev Профили</name>
			<form_name>app_profile_std</form_name>
			<exec_code>
				<code_url>x-local://wtv/ui_forms/app_profile_std.xms</code_url>
			</exec_code>
			<doc_info>
				<creation>
					<user_login>user1</user_login>
					<user_id>0x5555555555555501</user_id>
					<date>2023-03-16T14:45:03+00:00</date>
				</creation>
				<modification>
					<user_login>user1</user_login>
					<user_id>0x5555555555555501</user_id>
					<date>2023-03-16T14:45:03+00:00</date>
				</modification>
			</doc_info>
			<changed>0</changed>
			<is_std>0</is_std>
		</custom_admin_template>
		<custom_admin_template>
			<id>0x6396A13616611BDE</id>
			<code>app_statement_std</code>
			<name>dev Сообщения учебных активностей</name>
			<form_name>app_statement_std</form_name>
			<exec_code>
				<code_url>x-local://wtv/ui_forms/app_statement_std.xms</code_url>
			</exec_code>
			<doc_info>
				<creation>
					<user_login>user1</user_login>
					<user_id>0x5555555555555501</user_id>
					<date>2023-03-16T14:44:58+00:00</date>
				</creation>
				<modification>
					<user_login>user1</user_login>
					<user_id>0x5555555555555501</user_id>
					<date>2023-03-16T14:44:58+00:00</date>
				</modification>
			</doc_info>
			<changed>0</changed>
			<is_std>0</is_std>
		</custom_admin_template>
		<custom_admin_template>
			<id>0x6396A13616611BDC</id>
			<code>app_activity_state_std</code>
			<name>dev Статус учебной активности</name>
			<form_name>app_activity_state_std</form_name>
			<exec_code>
				<code_url>x-local://wtv/ui_forms/app_activity_state_std.xms</code_url>
			</exec_code>
			<doc_info>
				<creation>
					<user_login>user1</user_login>
					<user_id>0x5555555555555501</user_id>
					<date>2023-03-16T14:44:54+00:00</date>
				</creation>
				<modification>
					<user_login>user1</user_login>
					<user_id>0x5555555555555501</user_id>
					<date>2023-03-16T14:44:54+00:00</date>
				</modification>
			</doc_info>
			<changed>0</changed>
			<is_std>0</is_std>
		</custom_admin_template>
		<custom_admin_template>
			<id>0x6396A13616611BDA</id>
			<code>app_activity_std</code>
			<name>dev Учебная активность</name>
			<form_name>app_activity_std</form_name>
			<exec_code>
				<code_url>x-local://wtv/ui_forms/app_activity_std.xms</code_url>
			</exec_code>
			<doc_info>
				<creation>
					<user_login>user1</user_login>
					<user_id>0x5555555555555501</user_id>
					<date>2023-03-16T14:44:48+00:00</date>
				</creation>
				<modification>
					<user_login>user1</user_login>
					<user_id>0x5555555555555501</user_id>
					<date>2023-03-16T14:44:48+00:00</date>
				</modification>
			</doc_info>
			<changed>0</changed>
			<is_std>0</is_std>
		</custom_admin_template>
		<custom_admin_template>
			<id>0x6396A13616611BD8</id>
			<code>app_learning_storage_std</code>
			<name>dev Хранилище учебных заведений</name>
			<form_name>app_learning_storage_std</form_name>
			<exec_code>
				<code_url>x-local://wtv/ui_forms/app_learning_storage_std.xms</code_url>
			</exec_code>
			<doc_info>
				<creation>
					<user_login>user1</user_login>
					<user_id>0x5555555555555501</user_id>
					<date>2023-03-16T14:44:43+00:00</date>
				</creation>
				<modification>
					<user_login>user1</user_login>
					<user_id>0x5555555555555501</user_id>
					<date>2023-03-16T14:44:43+00:00</date>
				</modification>
			</doc_info>
			<changed>0</changed>
			<is_std>0</is_std>
		</custom_admin_template>
	</custom_admin_templates>
</data>
