﻿<?xml version="1.0" encoding="utf-8"?>
<data>
	<basic>
		<id>uh5ev2wt7k</id>
		<create_date>2022-12-07T18:06:10+00:00</create_date>
		<server_version>2022.3.3.536 (2022-11-16)</server_version>
	</basic>
	<custom_admin_templates>
		<custom_admin_template>
			<id>0x63773FCD6CFE7AC2</id>
			<code>app_conversation_std</code>
			<name>Разговор</name>
			<form_name>app_conversation_std</form_name>
			<exec_code>
				<code_url>x-local://wtv/ui_forms/app_conversation_std.xms</code_url>
			</exec_code>
			<doc_info>
				<creation>
					<user_login>user1</user_login>
					<user_id>0x5555555555555501</user_id>
					<date>2022-12-07T14:53:23+00:00</date>
				</creation>
				<modification>
					<user_login>user1</user_login>
					<user_id>0x5555555555555501</user_id>
					<date>2022-12-07T14:53:23+00:00</date>
				</modification>
			</doc_info>
			<changed>0</changed>
			<is_std>0</is_std>
		</custom_admin_template>
		<custom_admin_template>
			<id>0x63773FCD6CFE7ACB</id>
			<code>app_block_message_std</code>
			<name>Блок сообщений</name>
			<form_name>app_block_message_std</form_name>
			<exec_code>
				<code_url>x-local://wtv/ui_forms/app_block_message_std.xms</code_url>
			</exec_code>
			<doc_info>
				<creation>
					<user_login>user1</user_login>
					<user_id>0x5555555555555501</user_id>
					<date>2022-12-07T18:04:27+00:00</date>
				</creation>
				<modification>
					<user_login>user1</user_login>
					<user_id>0x5555555555555501</user_id>
					<date>2022-12-07T18:04:27+00:00</date>
				</modification>
			</doc_info>
			<changed>0</changed>
			<is_std>0</is_std>
		</custom_admin_template>
		<custom_admin_template>
			<id>0x63773FCD6CFE7AC1</id>
			<code>app_chat_std</code>
			<name>Чат</name>
			<form_name>app_chat_std</form_name>
			<exec_code>
				<code_url>x-local://wtv/ui_forms/app_chat_std.xms</code_url>
			</exec_code>
			<doc_info>
				<creation>
					<user_login>user1</user_login>
					<user_id>0x5555555555555501</user_id>
					<date>2022-12-07T14:50:32+00:00</date>
				</creation>
				<modification>
					<user_login>user1</user_login>
					<user_id>0x5555555555555501</user_id>
					<date>2022-12-07T14:50:32+00:00</date>
				</modification>
			</doc_info>
			<changed>0</changed>
			<is_std>0</is_std>
		</custom_admin_template>
	</custom_admin_templates>
</data>
