﻿<?xml version="1.0" encoding="utf-8"?>
<data>
	<basic>
		<id>4la3exmv17</id>
		<create_date>2024-02-21T21:01:26+00:00</create_date>
		<server_version>2023.2.839 (2024-02-10)</server_version>
	</basic>
	<notification_templates>
		<notification_template>
			<id>0x0AAAAAAAAAAAAA7B</id>
			<code>123</code>
			<name>Вы были включены в состав участников мероприятия</name>
			<subject>Вы были включены в состав участников мероприятия</subject>
			<body>&lt;%&#10;if ( ObjectType(Text) == 'JsObject')&#10;{&#10;%&gt;&#10;Вы были включены в состав участников мероприятия "&lt;%=Text.event_name%&gt;", которое состоится &lt;%=StrDate(Text.event_start_date, true, false)%&gt;&#10;&lt;%&#10;}&#10;else&#10;{&#10;%&gt;&#10;Вы были включены в состав участников мероприятия "&lt;%=Text%&gt;".&#10;&lt;%&#10;}&#10;%&gt;</body>
			<body_type>plane</body_type>
			<is_std>true</is_std>
			<changed>true</changed>
			<doc_info>
				<creation>
					<user_login>user1</user_login>
					<user_id>6148914691236517121</user_id>
					<date>2024-02-21T20:00:38Z</date>
				</creation>
				<modification>
					<user_login>user1</user_login>
					<user_id>6148914691236517121</user_id>
					<date>2024-02-21T20:56:32Z</date>
				</modification>
			</doc_info>
		</notification_template>
		<notification_template>
			<id>0x0AAAAAAAAAAAAA7D</id>
			<code>125</code>
			<name>Подчиненный сотрудник был включен в состав участников мероприятия</name>
			<subject>Подчиненный сотрудник был включен в состав участников мероприятия</subject>
			<body>&lt;%&#10;if ( ObjectType(Text) == 'JsObject')&#10;{&#10;%&gt;&#10;Подчиненный сотрудник - &lt;%=Text.collaborator_fullname%&gt;, был включен в состав участников мероприятия "&lt;%=Text.event_name%&gt;", которое состоится &lt;%=StrDate(Text.event_start_date, true, false)%&gt;&#10;&lt;%&#10;}&#10;else&#10;{&#10;%&gt;&#10;Подчиненный сотрудник - &lt;%=objDoc.lastname%&gt; &lt;%=objDoc.firstname%&gt; &lt;%=objDoc.middlename%&gt;, был включен в состав участников мероприятия "&lt;%=Text%&gt;".&#10;&lt;%&#10;} //end if else&#10;%&gt;</body>
			<body_type>plane</body_type>
			<is_std>true</is_std>
			<changed>true</changed>
			<doc_info>
				<creation>
					<user_login>user1</user_login>
					<user_id>6148914691236517121</user_id>
					<date>2024-02-21T20:02:11Z</date>
				</creation>
				<modification>
					<user_login>user1</user_login>
					<user_id>6148914691236517121</user_id>
					<date>2024-02-21T21:00:56Z</date>
				</modification>
			</doc_info>
		</notification_template>
	</notification_templates>
</data>
