﻿<?xml version="1.0" encoding="utf-8"?>
<data>
	<basic>
		<id>0pephbcvty</id>
		<create_date>2022-10-18T15:48:25+00:00</create_date>
		<server_version>2022.2.3.448 (2022-07-08)</server_version>
	</basic>
	<remote_actions>
		<remote_action>
			<id>0x630F21C54DD83D58</id>
			<code>DeleteSuccessor</code>
			<name>План преемственности / Удаление преемника</name>
			<type>eval</type>
			<cache_vars>{}</cache_vars>
			<catalog_name>successor</catalog_name>
			<link_name>successor</link_name>
			<show_in_list>1</show_in_list>
			<show_in_form>1</show_in_form>
			<exec_code>
				<code_url>x-local://wtv/remote_actions/DeleteSuccessor.bs</code_url>
			</exec_code>
			<url>x-local://wtv/remote_actions/DeleteSuccessor.bs</url>
			<default_disp_evaluate>0</default_disp_evaluate>
			<access>
				<access_level>0</access_level>
			</access>
			<is_std>0</is_std>
			<changed>0</changed>
			<doc_info>
				<creation>
					<user_login>user1</user_login>
					<user_id>0x5555555555555501</user_id>
					<date>2022-10-12T15:02:45+00:00</date>
				</creation>
				<modification>
					<user_login>user1</user_login>
					<user_id>0x5555555555555501</user_id>
					<date>2022-10-12T15:02:45+00:00</date>
				</modification>
			</doc_info>
		</remote_action>
	</remote_actions>
</data>
